-- phpMyAdmin SQL Dump
-- version 4.9.1
-- https://www.phpmyadmin.net/
--
-- Host: 127.0.0.1
-- Generation Time: Apr 11, 2022 at 08:00 PM
-- Server version: 10.4.8-MariaDB
-- PHP Version: 7.3.11

SET SQL_MODE = "NO_AUTO_VALUE_ON_ZERO";
SET AUTOCOMMIT = 0;
START TRANSACTION;
SET time_zone = "+00:00";


/*!40101 SET @OLD_CHARACTER_SET_CLIENT=@@CHARACTER_SET_CLIENT */;
/*!40101 SET @OLD_CHARACTER_SET_RESULTS=@@CHARACTER_SET_RESULTS */;
/*!40101 SET @OLD_COLLATION_CONNECTION=@@COLLATION_CONNECTION */;
/*!40101 SET NAMES utf8mb4 */;

--
-- Database: `smanage`
--

-- --------------------------------------------------------

--
-- Table structure for table `booking`
--

CREATE TABLE `booking` (
  `id` int(11) NOT NULL,
  `user_id` int(11) DEFAULT NULL,
  `username` varchar(50) NOT NULL,
  `telephone_number` varchar(15) NOT NULL,
  `selected_pitch` varchar(50) NOT NULL,
  `booking_date` date NOT NULL,
  `start_time` time NOT NULL,
  `end_time` time NOT NULL,
  `price` int(11) NOT NULL,
  `payment_method_id` int(11) NOT NULL,
  `booking_status_id` int(11) NOT NULL
) ENGINE=InnoDB DEFAULT CHARSET=utf8mb4;

--
-- Dumping data for table `booking`
--

INSERT INTO `booking` (`id`, `user_id`, `username`, `telephone_number`, `selected_pitch`, `booking_date`, `start_time`, `end_time`, `price`, `payment_method_id`, `booking_status_id`) VALUES
(1, 2, 'Bao Quang', '0335590516', 'Tao Đàn', '2022-04-13', '06:00:00', '09:00:00', 150000, 1, 1),
(2, 9, 'Admin1', '0335590567', 'Tao Đàn', '2022-09-05', '17:30:00', '20:30:00', 250000, 1, 1),
(3, 9, 'Admin1', '0335590567', 'Tiểu Ngư', '2022-05-15', '06:00:00', '16:00:00', 200000, 1, 1),
(4, 10, 'Admin2', '0335678911', 'Nguyễn Tri Phương', '2022-05-30', '20:30:00', '22:00:00', 450000, 2, 1),
(5, 20, 'Drop', '0335677519', 'CLB 367', '2022-07-07', '17:30:00', '20:30:00', 500000, 1, 1),
(6, 21, 'Group8', '0345677908', 'Hoàng Gia', '2022-05-05', '06:00:00', '16:00:00', 300000, 1, 1),
(7, 9, 'Admin1', '0335578678', 'A41 - Cộng Hoà', '2022-09-04', '20:30:00', '22:00:00', 500000, 2, 1),
(8, 11, 'Admin3', '0334450908', 'Cộng Hoà', '2022-10-15', '20:30:00', '22:00:00', 600000, 1, 1),
(9, 11, 'Admin3', '0337779990', 'Cây Trâm', '2022-12-30', '06:00:00', '16:00:00', 150000, 1, 1),
(10, 9, 'khoi', '0945968480', 'Thăng Long', '2022-05-29', '06:00:00', '16:00:00', 400000, 1, 1),
(11, 9, 'Admin1', '0358482125', 'Tao Đàn', '2022-12-31', '16:00:00', '17:30:00', 200000, 2, 1);

-- --------------------------------------------------------

--
-- Table structure for table `booking_status`
--

CREATE TABLE `booking_status` (
  `id` int(11) NOT NULL,
  `name` varchar(20) NOT NULL,
  `description` text NOT NULL
) ENGINE=InnoDB DEFAULT CHARSET=utf8mb4;

--
-- Dumping data for table `booking_status`
--

INSERT INTO `booking_status` (`id`, `name`, `description`) VALUES
(1, 'In processing', 'After users submit the booking form and owners or admins have not accepted it yet'),
(2, 'Cancel', 'The booking is canceled by users or denied by owners/admins'),
(3, 'Confirm', 'The booking is accepted by owners/admins.'),
(4, 'Done', 'The booking is finished including payment, comments, checking. This phase must have the approval from both sides.');

-- --------------------------------------------------------

--
-- Table structure for table `payment_method`
--

CREATE TABLE `payment_method` (
  `id` int(11) NOT NULL,
  `name` varchar(20) NOT NULL,
  `description` text NOT NULL
) ENGINE=InnoDB DEFAULT CHARSET=utf8mb4;

--
-- Dumping data for table `payment_method`
--

INSERT INTO `payment_method` (`id`, `name`, `description`) VALUES
(1, 'Cash', 'Users will pay cash for the pitch\'s owner, and this payment process should be completed before the users use that pitch.'),
(2, 'Credit card', 'Users will make online money transactions with the pitch\'s owner, and this payment process must happen after the user\'s booking is accepted by the owner. ');

-- --------------------------------------------------------

--
-- Table structure for table `pitch`
--

CREATE TABLE `pitch` (
  `id` int(11) NOT NULL,
  `name` varchar(50) NOT NULL,
  `map` text NOT NULL,
  `location` varchar(200) NOT NULL,
  `description` text NOT NULL,
  `features` text NOT NULL,
  `pitch_image` varchar(200) NOT NULL,
  `related_images` varchar(200) DEFAULT NULL,
  `price` int(11) NOT NULL,
  `start_time` text NOT NULL,
  `end_time` text NOT NULL,
  `available_date` date NOT NULL
) ENGINE=InnoDB DEFAULT CHARSET=utf8mb4;

--
-- Dumping data for table `pitch`
--

INSERT INTO `pitch` (`id`, `name`, `map`, `location`, `description`, `features`, `pitch_image`, `related_images`, `price`, `start_time`, `end_time`, `available_date`) VALUES
(1, 'Tao Đàn', '<iframe src=\"https://www.google.com/maps/embed?pb=!1m18!1m12!1m3!1d3919.4708955931806!2d106.69250791444985!3d10.775200462163566!2m3!1f0!2f0!3f0!3m2!1i1024!2i768!4f13.1!3m3!1m2!1s0x31752f397073534b%3A0x677583c74b18228c!2zU8OibiBiw7NuZyBUYW8gxJDDoG4sIEh1eeG7gW4gVHLDom4gQ8O0bmcgQ2jDumEsIFBoxrDhu51uZyBC4bq_biBUaMOgbmgsIFF14bqtbiAxLCBUaMOgbmggcGjhu5EgSOG7kyBDaMOtIE1pbmgsIFZp4buHdCBOYW0!5e0!3m2!1svi!2s!4v1648381725804!5m2!1svi!2s\" width=\"1150\" height=\"500\" style=\"border:0;\" allowfullscreen=\"\" loading=\"lazy\" referrerpolicy=\"no-referrer-when-downgrade\"></iframe>', 'Số 1 Huyền Trân Công Chúa, Bến Thành, Quận 1, thành phố Hồ Chí Minh', '<p>Tọa lạc ngay vị trí trung tâm Quận 1, sân bóng Tao Đàn được chú trọng đầu tư với chất lượng sân cỏ, hệ thống đèn chiếu sáng hiện đại đầy đủ tiện nghi mà giá cả phải chăng </p>\r\n<br>\r\n<p>Sân bóng Tao Đàn được xây dựng ngay cạnh công viên Tao Đàn, đối diện Dinh Độc Lập, rất dễ để mọi người tìm đường đến sân. Sân gồm 6 sân bóng 5 người rộng rãi với kích thước lòng sân rộng 20 x 40m <br> Sân bóng Tao Đàn được đầu tư sân cỏ nhân tạo hiện đại, chất lượng; cơ sở hạ tầng được đầu tư đồng bộ từ hệ thống chiếu sáng đến lưới chắn bóng đều rất tốt. Hệ thống thoát nước tốt, đảm bảo sân luôn trong trạng thái tốt trong mọi điều kiện thời tiết. Có khán đài với mái che cho khán giả <br> Sân bóng còn cung cấp dịch đào tạo bóng đá trẻ, dịch vụ trọng tài, tổ chức sự kiện,... Sân nằm ở vị trí trung tâm nên thu hút rất nhiều cầu thủ tới luyện tập và thi đấu bóng đá</p>', '<li>Có khu căng tin, công trình phụ đầy đủ</li>\r\n					<li>Chỗ gửi xe rộng rãi</li>\r\n					<li>Có dịch vụ tìm đối, bắt đối, tìm trọng tài, tổ chức sự kiện</li>\r\n					<li>Tổ chức các hoạt động teamwork</li>\r\n					<li>Có trung tâm đào tạo bóng đá trẻ</li>', 'stadium-info-1.jpg', '<img src=\"imgs/stadium-info-2.jpg\" alt=\"\">\r\n					<img src=\"imgs/stadium-info-3.jpg\" alt=\"\">\r\n					<img src=\"imgs/stadium-info-4.jpg\" alt=\"\">', 150000, '<option value=\"6:00\">06:00</option>\r\n<option value=\"16:00\">16:00</option>\r\n<option value=\"17:30\">17:30</option>\r\n<option value=\"20:30\">20:30</option>', '<option value=\"16:00\">16:00</option>\r\n<option value=\"17:30\">17:30</option>\r\n<option value=\"20:30\">20:30</option>\r\n<option value=\"22:00\">22:00</option>', '2022-04-13'),
(2, 'A41 - Cộng Hoà', '<iframe src=\"https://www.google.com/maps/embed?pb=!1m18!1m12!1m3!1d244.94510712555683!2d106.64981114379691!3d10.801988937801065!2m3!1f0!2f0!3f0!3m2!1i1024!2i768!4f13.1!3m3!1m2!1s0x3175294862c1aca1%3A0xea69497ff091e74c!2sA41%20Mini%20Football%20Ground!5e0!3m2!1svi!2s!4v1649066205609!5m2!1svi!2s\" width=\"1150\" height=\"500\" style=\"border:0;\" allowfullscreen=\"\" loading=\"lazy\" referrerpolicy=\"no-referrer-when-downgrade\"></iframe>', '18C, Đường Cộng Hoà, Phường 12, Tân Bình, Thành phố Hồ Chí Minh.', '<p> Sân cỏ nhân tạo A41 – Cộng Hòa tọa lạc tại 18C Cộng Hòa, địa điểm rất dễ đi lại, tìm kiếm. Là hệ thống sân cỏ nhân tạo được đầu tư vô cùng bài bản, thu hút lượng lớn các bạn trẻ đam mê bóng đá khu vực Quận Tân Bình. </p>\r\n<br>\r\n<p>Sân sử dụng cỏ nhân tạo sợi PE chất lượng tốt, sợi cỏ này kết hợp với lớp đệm cát và cao su giúp sợi cỏ luôn đứng thẳng, mặt sân có độ đàn hồi tốt với chân cầu thủ.</p>\r\n<br>\r\n<p>Hệ thống thoát nước được đầu tư xây dựng đồng bộ với mặt sân giúp nước thoát nhanh chóng, mặt sân luôn khô ráo, hạn chế được chấn thương cho cầu thủ.</p>\r\n<br>\r\n<p>Liên hệ: Anh Thanh</p>\r\n<p>Số điện thoại: 0909 334 586</p>', '<li>Hệ thống đèn có độ sáng vừa phải, vừa đủ ánh sáng cho người chơi.</li>\r\n\r\n<li>Lưới bao kín, bóng luôn được giữ trong sân.</li>\r\n\r\n<li/>Đội ngũ nhân viên phục vụ và quản lý rất nhiệt tình, thân thiện, chuyên nghiệp.</li>\r\n\r\n<li>Giá thuê sân khá phải chăng, dễ tiếp cận với các bạn khách là học sinh, sinh viên.</li>\r\n\r\n<li>Khách thuê sân không cần cọc, miễn phí bóng, miễn phí WIFI.</li>', 'A41.jpg', '<img src=\"imgs/A41_1.jpg\" alt=\"\">\r\n<img src=\"imgs/A41_2.png\" alt=\"\">\r\n<img src=\"imgs/A41_3.jpg\" alt=\"\">', 300000, '<option value=\"6:00\">06:00</option>\r\n<option value=\"16:00\">16:00</option>\r\n<option value=\"17:30\">17:30</option>\r\n<option value=\"20:30\">20:30</option>', '<option value=\"16:00\">16:00</option>\r\n<option value=\"17:30\">17:30</option>\r\n<option value=\"20:30\">20:30</option>\r\n<option value=\"22:00\">22:00</option>', '2022-04-16'),
(3, 'Quốc Phòng 2 - QK7', '<iframe src=\"https://www.google.com/maps/embed?pb=!1m18!1m12!1m3!1d3919.109510715386!2d106.66355561444999!3d10.802923961658882!2m3!1f0!2f0!3f0!3m2!1i1024!2i768!4f13.1!3m3!1m2!1s0x31752925416f5731%3A0x9a9d86c74b302f!2sQuoc%20Phong%202%20Mini%20Football%20Gound!5e0!3m2!1sen!2sus!4v1649079028512!5m2!1sen!2sus\" width=\"1150\" height=\"500\" style=\"border:0;\" allowfullscreen=\"\" loading=\"lazy\" referrerpolicy=\"no-referrer-when-downgrade\"></iframe>', 'Đường Phổ Quang, Phường 2, Quận Tân Bình, Thành phố Hồ Chí Minh', '<p>Sân bóng Quốc Phòng 2 – Quân Khu 7 nằm tại đường Phổ Quang, Phường 2, Quận Tân Bình. Đây là cụm 2 sân bóng tiêu chuẩn sân 7, 1 sân bóng tiêu chuẩn 11.</p> \r\n<br>\r\n<p>Với việc thuộc Quân khu 7 vô cùng an ninh, sạch đẹp, chất lượng đảm bảo nên sân thu hút khá nhiều anh em yêu thích bóng đá phủi trong khu vực.</p>\r\n<br>\r\n<p>Mặt sân bằng phẳng, không gian thoáng mát, là điểm đến không thể bỏ lỡ của các anh em đam mê với bộ môn thể thao vua này.</p>\r\n<br>\r\n<p>Giá thuê của sân cũng rất phù hợp, mọi đối tượng đều có thể chi trả.</p>\r\n<br>\r\n<p>Liên hệ: Anh Tuấn hoặc Anh Thiệu</p>\r\n<p>Số điện thoại: 0909 334 586</p>', '<li>Có khu vực để đậu ô tô</li>\r\n<li>Có bảo vệ nhiều năm kinh nghiệm</li>\r\n<li>Giữ xe máy miễn phí cho khách đặt sân</li>\r\n<li>Cung cấp nước uống, trà đá miễn phí</li>', 'QK7.jpeg', '<img src=\"imgs/QK7_1.jpg\" alt=\"\">\r\n<img src=\"imgs/QK7_2.jpg\" alt=\"\">\r\n<img src=\"imgs/QK7_3.png\" alt=\"\">', 500000, '<option value=\"6:00\">06:00</option>\r\n<option value=\"16:00\">16:00</option>\r\n<option value=\"17:30\">17:30</option>\r\n<option value=\"20:30\">20:30</option>', '<option value=\"16:00\">16:00</option>\r\n<option value=\"17:30\">17:30</option>\r\n<option value=\"20:30\">20:30</option>\r\n<option value=\"22:00\">22:00</option>', '2022-04-17'),
(4, 'CLB 367', '<iframe src=\"https://www.google.com/maps/embed?pb=!1m14!1m8!1m3!1d15676.322180651945!2d106.648452!3d10.805143!3m2!1i1024!2i768!4f13.1!3m3!1m2!1s0x0%3A0x537b224e6735ae31!2zU8OibiBiw7NuZyDEkcOhIDM2Nw!5e0!3m2!1sen!2sus!4v1649080754029!5m2!1sen!2sus\" width=\"1150\" height=\"500\" style=\"border:0;\" allowfullscreen=\"\" loading=\"lazy\" referrerpolicy=\"no-referrer-when-downgrade\"></iframe>', '168A Hoàng Hoa Thám , Phường 12, Quận Tân Bình, Thành phố Hồ Chí Minh', '<p>Với số lượng sân bóng lớn, cụm sân CLB 367 giúp mọi người giải quyết nỗi lo không đủ sân chơi vào các khung giờ cao điểm.</p>\r\n<br>\r\n<p>Sân có kích thước tiêu chuẩn, mặt sân bằng phẳng. Cỏ nhân tạo có chất lượng tốt. Hệ thống các bóng đèn công suất lớn cung cấp đầy đủ ánh sáng cho người chơi ban đêm. </p>\r\n<br>\r\n<p>Sân bóng có giá cho thuê khá rẻ, giá thuê phù hợp với đa số các bạn học sinh, sinh viên. Bên cạnh đó, sân có hỗ trợ tìm đối, cho thuê trọng tài và các trang thiết bị khác.</p>\r\n<br>\r\n<p>Liên hệ: Anh Long</p>\r\n<p>Số điện thoại: 0942 777 779 - 0822 24 2 708</p>', '<li>Cỏ nhân tạo khá cũ nhưng chất lượng vẫn còn tốt.</li>\r\n<li>Hệ thống các bóng đèn công suất lớn cung cấp đầy đủ ánh sáng cho người chơi ban đêm.</li>\r\n<li>Sân CLB 367 có khu vực để xe an toàn.</li>\r\n<li>Căng tin đầy đủ các loại nước giải khát.</li>\r\n<li>Nhà vệ sinh tiện nghi.</li>\r\n<li>Sân có hỗ trợ tìm đối, cho thuê trọng tài và các trang thiết bị khác.</li>', 'CLB367.png', '<img src=\"imgs/CLB367_1.jpg\" alt=\"\">\r\n<img src=\"imgs/CLB367_2.jpg\" alt=\"\">\r\n<img src=\"imgs/CLB367_3.jpg\" alt=\"\">', 400000, '<option value=\"6:00\">06:00</option>\r\n<option value=\"16:00\">16:00</option>\r\n<option value=\"17:30\">17:30</option>\r\n<option value=\"20:30\">20:30</option>', '<option value=\"16:00\">16:00</option>\r\n<option value=\"17:30\">17:30</option>\r\n<option value=\"20:30\">20:30</option>\r\n<option value=\"22:00\">22:00</option>', '2022-04-15'),
(5, 'Huấn Luyện Bay', '<iframe src=\"https://www.google.com/maps/embed?pb=!1m14!1m8!1m3!1d15675.934172865445!2d106.671975!3d10.812571!3m2!1i1024!2i768!4f13.1!3m3!1m2!1s0x0%3A0x767e90d7a758bb22!2zU8OibiBiw7NuZyDEkcOhIEjhu5NuZyBIw6A!5e0!3m2!1sen!2sus!4v1649082568314!5m2!1sen!2sus\" width=\"1150\" height=\"500\" style=\"border:0;\" allowfullscreen=\"\" loading=\"lazy\" referrerpolicy=\"no-referrer-when-downgrade\"></iframe>', '117 Hồng Hà, Phường 2, Quận Tân Bình, Thành phố Hồ Chí Minh.', '<p>Sân bóng Trung Tâm Huấn Luyện Bay thuộc địa chỉ 117 Hồng Hà, Phường 2, Quận Tân Bình. Là hệ thống sân tiêu chuẩn 7 người và 11 người. Có diện tích rộng, sân được đầu tư rất nghiêm túc, bài bản phục vụ cho công nhân viên chức Trường bay và các bạn trẻ có đam mê với trái bóng tròn khu vực Quận Bình Thạnh.</p>\r\n<br>\r\n<p>Sân bóng sử dụng cỏ nhân tạo sợi kim cương có độ dài vừa phải, loại cỏ này cũng rất mềm, dai, ma sát, chống trơn trượt tốt. Người chơi sẽ dễ dàng thực hiện các kỹ thuật khó, nâng cao chất lượng của trận bóng.</p>\r\n<br>\r\n<p>Mỗi sân được chiếu sáng bằng hệ thống 16 bóng đèn công suất lớn, cung cấp vừa đủ ánh sáng cho người chơi mà không gây chói mắt.</p>\r\n<br>\r\n<p>Sân bóng Trường Huấn Luyện Bay cũng là nơi thường xuyên là diễn ra rất nhiều các lớp học bóng đá của các bạn thiếu nhi. Các giải giao hữu cũng được tổ chức với tần suất khá dày.</p>\r\n<br>\r\n<p>Liên hệ: Anh Hoan</p>\r\n<p>Số điện thoại: 0902 995 527</p>', '<li>Sân có đầy đủ nhà xe, căng tin, nhà vệ sinh, phục vụ tốt cho nhu cầu của khách chơi.</li>\r\n<li>Cho thuê với giá khá rẻ</li>\r\n<li>Phù hợp với đa số khách thuê sân là các bạn học sinh, sinh viên.</li>\r\n<li>Các dụng cụ cho thuê cũng có giá rất rẻ.</li>', 'HLB.jpg', '<img src=\"imgs/HLB_1.jpg\" alt=\"\">\r\n<img src=\"imgs/HLB_2.png\" alt=\"\">\r\n<img src=\"imgs/HLB_3.jpg\" alt=\"\">', 450000, '<option value=\"6:00\">06:00</option>\r\n<option value=\"16:00\">16:00</option>\r\n<option value=\"17:30\">17:30</option>\r\n<option value=\"20:30\">20:30</option>', '<option value=\"16:00\">16:00</option>\r\n<option value=\"17:30\">17:30</option>\r\n<option value=\"20:30\">20:30</option>\r\n<option value=\"22:00\">22:00</option>', '2022-04-22'),
(6, 'Cộng Hoà', '<iframe src=\"https://www.google.com/maps/embed?pb=!1m18!1m12!1m3!1d3919.171552364901!2d106.65138251444999!3d10.798169461745475!2m3!1f0!2f0!3f0!3m2!1i1024!2i768!4f13.1!3m3!1m2!1s0x3175292a8b7e41a1%3A0x997714f59175a630!2zMTggxJAuIEPhu5luZyBIw7JhLCBQaMaw4budbmcgMTIsIFTDom4gQsOsbmgsIFRow6BuaCBwaOG7kSBI4buTIENow60gTWluaCA3MDAwMCwgVmlldG5hbQ!5e0!3m2!1sen!2sus!4v1649166875936!5m2!1sen!2sus\" width=\"1150\" height=\"500\" style=\"border:0;\" allowfullscreen=\"\" loading=\"lazy\" referrerpolicy=\"no-referrer-when-downgrade\"></iframe>', '18D Cộng Hòa, Phường 12, Quận Tân Bình, Thành phố Hồ Chí Minh.', '<p>Hệ thống sân bao gồm 1 sân 7 và 8 sân 5, địa điểm thích hợp dành cho các bạn học sinh, sinh viên.</p>\r\n<br>\r\n<p>Mặt sân đẹp, đạt chuẩn FIFA.  Không khí trong lành, thoáng mát, có mái che nắng cho khán giả.</p>\r\n<br>\r\n<p>Sân cũng có mức giá khá phù hợp, bên cạnh đó các dịch vụ giải khát và cho thuê đồ tập, quần áo tập cũng được xây dựng và quy hoạch bài bản.</p>\r\n<br>\r\n<p>Liên hệ: Anh Phụng</p>\r\n<p>Số điện thoại: 0902 386 860</p>', '<li>Nên đặt trước</li>\r\n<li>Giữ xe máy miễn phí</li>\r\n<li>Có bảo vệ</li>\r\n<li>Có nước uống</li>\r\n<li>Có chỗ đậu ô tô</li>', 'A41_1.jpg', '<img src=\"imgs/A41.jpg\" alt=\"\">\r\n<img src=\"imgs/A41_2.png\" alt=\"\">\r\n<img src=\"imgs/A41_3.jpg\" alt=\"\">', 400000, '<option value=\"6:00\">06:00</option>\r\n<option value=\"16:00\">16:00</option>\r\n<option value=\"17:30\">17:30</option>\r\n<option value=\"20:30\">20:30</option>', '<option value=\"16:00\">16:00</option>\r\n<option value=\"17:30\">17:30</option>\r\n<option value=\"20:30\">20:30</option>\r\n<option value=\"22:00\">22:00</option>', '2022-04-30'),
(7, 'Phương Đô', '<iframe src=\"https://www.google.com/maps/embed?pb=!1m18!1m12!1m3!1d3918.6542172749437!2d106.67678811445016!3d10.837751861023072!2m3!1f0!2f0!3f0!3m2!1i1024!2i768!4f13.1!3m3!1m2!1s0x317529ab9a0c3045%3A0x34e081a608e3d690!2zU8OibiBCw7NuZyDEkMOhIFBoxrDGoW5nIMSQw7Q!5e0!3m2!1svi!2s!4v1649168106842!5m2!1svi!2s\" width=\"1150\" height=\"500\" style=\"border:0;\" allowfullscreen=\"\" loading=\"lazy\" referrerpolicy=\"no-referrer-when-downgrade\"></iframe>', '37 Nguyễn Văn Lượng P.10, Quận Gò Vấp, Hồ Chí Minh.', '<p>Sân cỏ nhân tạo Phương Đô nằm tại 37 Nguyễn Văn Lượng, Phường 10, Quận Gò Vấp. Đây được xem như địa điểm giao lưu lý tưởng của các bạn trẻ đam mê bóng phủi khu vực Quận Gò Vấp.</p>\r\n<br>\r\n<p>Sân bóng có kích thước và chất lượng tiêu chuẩn giúp các bạn được chơi bóng trong một điều kiện chuyên nghiệp, giá cả phải chăng.</p>\r\n<br>\r\n<p>Sân bóng này sử dụng loại cỏ khá tốt, bóng nảy, lăn đều, bên cạnh đó nó cũng giúp cầu thủ phòng tránh các tai nạn trượt ngã, chấn thương.</p>\r\n<br>\r\n<p>Liên hệ: Anh Hoà, Anh Bình</p>\r\n<p>Số điện thoại: 0866 789 487</p>\r\n\r\n', '<li>Hệ thống lưới bao cao, kiên cố</li>\r\n<li>Hệ thống đèn công suất lớn đủ sức chiếu sáng toàn bộ mặt sân giúp cầu thủ dễ dàng tập luyện, thi đấu vào ban đêm.</li>\r\n<li>Sân bóng có hệ thống nhà để xe an toàn, căng tin đầy đủ và nhà vệ sinh sạch sẽ.</li>\r\n<li>Không cần cọc, miễn phí giữ xe,miễn phí nước uống, miễn phí bóng. </li>\r\n<li>Các dụng cụ, trang phục thi đấu củng có giá cho thuê tương tối rẻ.</li>', 'PĐ.jpg', '<img src=\"imgs/PD_1.jpg\" alt=\"\">\r\n<img src=\"imgs/PD_2.jpg\" alt=\"\">\r\n<img src=\"imgs/PD_3.jpg\" alt=\"\">', 350000, '<option value=\"6:00\">06:00</option>\r\n<option value=\"16:00\">16:00</option>\r\n<option value=\"17:30\">17:30</option>\r\n<option value=\"20:30\">20:30</option>', '<option value=\"16:00\">16:00</option>\r\n<option value=\"17:30\">17:30</option>\r\n<option value=\"20:30\">20:30</option>\r\n<option value=\"22:00\">22:00</option>', '2022-04-29'),
(8, 'Hoàng Gia', '<iframe src=\"https://www.google.com/maps/embed?pb=!1m14!1m8!1m3!1d15676.064373936444!2d106.634052!3d10.810079000000002!3m2!1i1024!2i768!4f13.1!3m3!1m2!1s0x0%3A0x295c2cbdecd84b70!2zU8OibiBCw7NuZyBNaW5pIEhvw6BuZyBHaWE!5e0!3m2!1sen!2sus!4v1649168668254!5m2!1sen!2sus\" width=\"1150\" height=\"500\" style=\"border:0;\" allowfullscreen=\"\" loading=\"lazy\" referrerpolicy=\"no-referrer-when-downgrade\"></iframe>', 'Số 4 Trường Chinh, Phường 15, Quận Tân Bình, Thành phố Hồ Chí Minh.', '<p>Sân Bóng nằm ở Số 4 Trường Chinh, Phường 15, Quận Tân Bình, Thành phố Hồ Chí Minh, một địa điểm khá dễ dàng để tìm kiếm. Với các bạn đam mê bóng đá quanh khu vực này có lẽ không còn xa lạ với sân.</p>\r\n<br>\r\n<p>Sân có chất lượng sân tốt, mặt sân bằng phẳng, có được nhập khẩu, chống chịu được thời tiết khắc nghiệt của Việt Nam.</p>\r\n<br>\r\n<p>Hệ thống đèn chiếu sáng, hệ thống thoát nước được đầu tư xây dựng mang đến điều kiện đá bóng tốt nhất cho mọi người.</p>\r\n<br>\r\n<p>Liên hệ: Ban quản lý sân bóng đá</p>\r\n<p>Số điện thoại: 0938 948 887 – 0925 865 686</p>', '<li>Nên đặt trước</li>\r\n<li>Giữ xe máy miễn phí</li>\r\n<li>Có bảo vệ</li>\r\n<li>Có nước uống</li>\r\n<li>Có chỗ đậu ô tô</li>', 'HG.jpg', '<img src=\"imgs/HG_1.jpg\" alt=\"\">\r\n<img src=\"imgs/HG_2.jpg\" alt=\"\">\r\n<img src=\"imgs/HG_3.jpg\" alt=\"\">', 300000, '<option value=\"6:00\">06:00</option>\r\n<option value=\"16:00\">16:00</option>\r\n<option value=\"17:30\">17:30</option>\r\n<option value=\"20:30\">20:30</option>', '<option value=\"16:00\">16:00</option>\r\n<option value=\"17:30\">17:30</option>\r\n<option value=\"20:30\">20:30</option>\r\n<option value=\"22:00\">22:00</option>', '2022-04-15'),
(9, 'Khu Thể Thao K2', '<iframe src=\"https://www.google.com/maps/embed?pb=!1m14!1m8!1m3!1d15676.047813086841!2d106.64437300000002!3d10.810396!3m2!1i1024!2i768!4f13.1!3m3!1m2!1s0x0%3A0x5c8813bd8dae5d2!2sK2%20Sports%20Zone%20-%20SaiGon%20FC!5e0!3m2!1sen!2sus!4v1649169115303!5m2!1sen!2sus\" width=\"1150\" height=\"500\" style=\"border:0;\" allowfullscreen=\"\" loading=\"lazy\" referrerpolicy=\"no-referrer-when-downgrade\"></iframe>', '194 Trần Văn Dư, Phường 13, Quận Tân Bình, Thành phố Hồ Chí Minh.', '<p>Sân bóng Khu Thể Thao K2 nằm tại địa chỉ 194 Trần Văn Dư, Phường 13, Quận Tân Bình, vị trí khá thuận lợi cho việc đi lại, tìm kiếm. Với cụm sân cỏ nhân tạo gồm 6 tiêu chuẩn, số lượng sân lớn này đã giúp khách chơi giải quyết nỗi lo về tình trạng kín sân và kín lịch nhất là vào các khung giờ Vàng.</p>\r\n<br>\r\n<p>Sân bóng cỏ nhân tạo Khu Thể Thao K2 rất thoáng mát, không khí trong lành, nên được nhiều bạn trẻ mê bóng đá phủi chọn lựa làm nơi tập luyện, thi đấu. Các cơ quan, đoàn thể cũng chọn đây làm nơi tổ chức các giải đấu, sự kiện lớn.</p>\r\n<br>\r\n<p>Liên hệ: Anh Tú, Anh Lâm</p>\r\n<p>Số điện thoại: 0983 130 131</p>', '<li>Sân bóng sử dụng cỏ nhân tạo chất lượng tốt, mặt cỏ mềm, êm, chống trơn trượt hiệu quả.</li>\r\n<li>Hệ thống thoát nước tốt giúp sân luôn khô ráo, giảm thiểu nguy cơ trượt ngã, chấn thương cho cầu thủ.</li>\r\n<li>Hệ thống 16 bóng đèn mỗi sân chiếu sáng các sân vào ban đêm.</li>\r\n<li>Khách đặt sân không cần cọc, miễn phí bóng và miễn phí nước uống.</li>', 'K2.png', '<img src=\"imgs/K2_1.jpg\" alt=\"\">\r\n<img src=\"imgs/K2_2.png\" alt=\"\">\r\n<img src=\"imgs/K2_3.png\" alt=\"\">', 250000, '<option value=\"6:00\">06:00</option>\r\n<option value=\"16:00\">16:00</option>\r\n<option value=\"17:30\">17:30</option>\r\n<option value=\"20:30\">20:30</option>', '<option value=\"16:00\">16:00</option>\r\n<option value=\"17:30\">17:30</option>\r\n<option value=\"20:30\">20:30</option>\r\n<option value=\"22:00\">22:00</option>', '2022-05-07'),
(10, 'Huỳnh Tấn - Cộng Hoà', '<iframe src=\"https://www.google.com/maps/embed?pb=!1m18!1m12!1m3!1d3919.1343293086743!2d106.65818091445!3d10.80102226169353!2m3!1f0!2f0!3f0!3m2!1i1024!2i768!4f13.1!3m3!1m2!1s0x31752930948c5cd9%3A0xba4ecb49e766a85a!2zMThjIMSQLiBD4buZbmcgSMOyYSwgUGjGsOG7nW5nIDQsIFTDom4gQsOsbmgsIFRow6BuaCBwaOG7kSBI4buTIENow60gTWluaCwgVmnhu4d0IE5hbQ!5e0!3m2!1svi!2s!4v1649170016451!5m2!1svi!2s\" width=\"1150\" height=\"500\" style=\"border:0;\" allowfullscreen=\"\" loading=\"lazy\" referrerpolicy=\"no-referrer-when-downgrade\"></iframe>', '18C Cộng hòa, P4, Quận Tân Bình, Thành Phố Hồ Chí Minh.', '<p>Hệ thống sân bao gồm 1 sân 7 và 8 sân 5, địa điểm thích hợp dành cho các bạn học sinh, sinh viên.</p>\r\n<br>\r\n<p>Mặt sân đẹp, đạt chuẩn FIFA.  Không khí trong lành, thoáng mát, có mái che nắng cho khán giả.</p>\r\n<br>\r\n<p>Sân cũng có mức giá khá phù hợp, bên cạnh đó các dịch vụ giải khát và cho thuê đồ tập, quần áo tập cũng được xây dựng và quy hoạch bài bản.</p>\r\n<br>\r\n<p>Liên hệ: Ban quản lý sân bóng đá</p>\r\n<p>Số điện thoại: 0902 386 860</p>', '<li>Nên đặt trước</li>\r\n<li>Giữ xe máy miễn phí</li>\r\n<li>Có bảo vệ</li>\r\n<li>Có nước uống</li>\r\n<li>Có chỗ đậu ô tô</li>', 'A41_2.png', '<img src=\"imgs/A41.jpg\" alt=\"\">\r\n<img src=\"imgs/A41_1.jpg\" alt=\"\">\r\n<img src=\"imgs/A41_3.jpg\" alt=\"\">', 200000, '<option value=\"6:00\">06:00</option>\r\n<option value=\"16:00\">16:00</option>\r\n<option value=\"17:30\">17:30</option>\r\n<option value=\"20:30\">20:30</option>', '<option value=\"16:00\">16:00</option>\r\n<option value=\"17:30\">17:30</option>\r\n<option value=\"20:30\">20:30</option>\r\n<option value=\"22:00\">22:00</option>', '2022-05-08'),
(11, 'Thăng Long', '<iframe src=\"https://www.google.com/maps/embed?pb=!1m18!1m12!1m3!1d3919.09953612338!2d106.65926061445!3d10.803688161644969!2m3!1f0!2f0!3f0!3m2!1i1024!2i768!4f13.1!3m3!1m2!1s0x3175293a5f8ac083%3A0x87c28f15e620a409!2zU8OibiBiw7NuZyBtaW5pIFRoxINuZyBMb25n!5e0!3m2!1svi!2s!4v1649210987547!5m2!1svi!2s\" width=\"1150\" height=\"500\" style=\"border:0;\" allowfullscreen=\"\" loading=\"lazy\" referrerpolicy=\"no-referrer-when-downgrade\"></iframe>', 'Số 2 Phan Thúc Duyện, P.4, Quận Tân Bình, Hồ Chí Minh.', '<p>Sân bóng Thăng Long tọa lạc tại Số 2 Phan Thúc Duyện, Phường 15, Quận Tân Bình, một vị trí cực đẹp, dễ dàng cho các bạn di chuyển, tìm kiếm. Đây là cụm 4 sân với đa dạng kích thước, từ mini đến lớn.</p>\r\n<br>\r\n<p>Vài sân bên trong có mặt sân gồ ghề, cỏ nhân tạo khá mòn, các sân ngoài thì chất lượng cỏ, mặt sân và lưới đều tốt hơn.</p>\r\n<br>\r\n<p>Liên hệ: Ban quản lý sân bóng</p>\r\n<p>Số điện thoại: 0125 677 777</p>', '<li>Hệ thống đèn ban đêm khá sáng.</li>\r\n<li>Hệ thống nhà xe rộng, an toàn, giúp các bạn yên tâm chơi bóng hết mình.</li>\r\n<li>Căng tin vơi đầy đủ nước uống, thức ăn nhanh, phục vụ người chơi và khách xem.</li>\r\n<li>Nhà vệ sinh sạch sẽ, tiện nghi.</li>\r\n<li>Có hỗ trợ tìm đối, cho thuê trọng tài và trang bị, đồng phục với giá thuê khá phải chăng.</li>\r\n<li>Giá thuê rất mềm, các bạn học sinh, sinh viên đều dễ dàng tiếp cận được.</li>\r\n<li>Nếu thuê sân theo tháng, giá thuê sẽ được khuyến mãi rất hấp dẫn.</li>', 'TL.png', '<img src=\"imgs/TL1.png\" alt=\"\">\r\n<img src=\"imgs/TL2.png\" alt=\"\">\r\n<img src=\"imgs/TL3.png\" alt=\"\">', 400000, '<option value=\"6:00\">06:00</option>\r\n<option value=\"16:00\">16:00</option>\r\n<option value=\"17:30\">17:30</option>\r\n<option value=\"20:30\">20:30</option>', '<option value=\"16:00\">16:00</option>\r\n<option value=\"17:30\">17:30</option>\r\n<option value=\"20:30\">20:30</option>\r\n<option value=\"22:00\">22:00</option>', '2022-05-01'),
(12, 'Chảo Lửa', '<iframe src=\"https://www.google.com/maps/embed?pb=!1m18!1m12!1m3!1d3919.0684671067493!2d106.65629161445008!3d10.806068161601567!2m3!1f0!2f0!3f0!3m2!1i1024!2i768!4f13.1!3m3!1m2!1s0x3175293bd3699b07%3A0x940f9759f860b26a!2zU8OibiBiw7NuZyBtaW5pIENo4bqjbyBs4butYQ!5e0!3m2!1svi!2s!4v1649211550916!5m2!1svi!2s\" width=\"1150\" height=\"500\" style=\"border:0;\" allowfullscreen=\"\" loading=\"lazy\" referrerpolicy=\"no-referrer-when-downgrade\"></iframe>', '30 Phan Thúc Duyện, Phường 4, Tân Bình, Thành phố Hồ Chí Minh.', '<p>Sân bóng Chảo Lửa tọa lạc tại số 30 Phan Thúc Duyện, Phường 4, Tân Bình, Thành phố Hồ Chí Minh. Đay là cụm 10 sân cỏ nhân tạo chất lượng tốt. Từ lâu sân đã là nơi hội tụ quen thuộc của các anh em đam mê bóng đá khu vực Tân Bình.</p>\r\n<br>\r\n<p>Sân bóng nhận được sự quan tâm bởi địa chỉ thuận lợi, không khí thoáng mát kết hợp với chất lượng dịch vụ tốt.</p>\r\n<br>\r\n<p>Cụm sân được sử dụng loại cỏ nhân tạo sợi PE, sợi cỏ mềm, dai, có độ ma sát tốt. Hệ thống thoát nước làm việc hiệu quả giúp sân Chảo Lửa luôn trong tình trạng khô ráo, chống trơn trượt và bảo vệ được độ bền của mặt sân.</p>\r\n<br>\r\n<p>Liên hệ: Ban quản lý sân bóng</p>\r\n<p>Số điện thoại: 0777 700 000</p>', '<li>Các đèn cao áp được bố trí đầy đủ quanh sân giúp cho người chơi ban đêm có được ánh sáng, tầm nhìn tốt nhất. </li>\r\n<li>Sân bóng có đội ngũ nhân viên vô cùng thân thiện, nhiệt tình và chu đáo. </li>\r\n<li>Số lượng sân lớn.</li>\r\n<li>Sân miễn phí giữ xe, miễn phí nước uống, miễn phí bóng. </li>\r\n<li>Sân Chảo Lửa hiện có hổ tìm đối và cho thuê trọng tài nếu các đội có nhu cầu.</li>', 'CL.png', '<img src=\"imgs/CL1.png\" alt=\"\">\r\n<img src=\"imgs/CL2.png\" alt=\"\">\r\n<img src=\"imgs/CL3.png\" alt=\"\">', 400000, '<option value=\"6:00\">06:00</option>\r\n<option value=\"16:00\">16:00</option>\r\n<option value=\"17:30\">17:30</option>\r\n<option value=\"20:30\">20:30</option>', '<option value=\"16:00\">16:00</option>\r\n<option value=\"17:30\">17:30</option>\r\n<option value=\"20:30\">20:30</option>\r\n<option value=\"22:00\">22:00</option>', '2022-04-16'),
(13, 'Trường Cao Đẳng Du Lịch Sài Gòn', '<iframe src=\"https://www.google.com/maps/embed?pb=!1m18!1m12!1m3!1d15675.199442702276!2d106.63075693959148!3d10.826622838438299!2m3!1f0!2f0!3f0!3m2!1i1024!2i768!4f13.1!3m3!1m2!1s0x31752979773c4db5%3A0xe30ad07af1d2c3d0!2zVHLGsOG7nW5nIENhbyDEkeG6s25nIHbEg24gaMOzYSBuZ2jhu4cgdGh14bqtdCB2w6AgZHUgbOG7i2NoIFPDoGkgR8Oybg!5e0!3m2!1svi!2s!4v1649212440467!5m2!1svi!2s\" width=\"1150\" height=\"500\" style=\"border:0;\" allowfullscreen=\"\" loading=\"lazy\" referrerpolicy=\"no-referrer-when-downgrade\"></iframe>', '83/1 Phan Huy Ích, Phường 15, Gò Vấp, Thành phố Hồ Chí Minh.', '<p>Sân bóng này thuộc Trường Cao Đẳng Du Lịch Sài Gòn, Số 83/1 Phan Huy Ích, Phường 15, Gò Vấp, Thành phố Hồ Chí Minh.</p>\r\n<br>\r\n<p>Đây là cụm gồm 6 sân cỏ nhân tạo kích thước tiêu chuẩn đáp ứng nhu cầu giảng dạy, học tập của thầy trò trường cao đẳng. Và phục vụ mục đích cho thuê cung cấp cho Quận Gò Vấp một sân chơi lành mạnh.</p>\r\n<br>\r\n<p>Sân sử dụng cỏ nhân tạo sợi PE chất lượng tốt, đảm bảo các cầu thủ được chơi bóng trong điều kiện tốt nhất.</p.\r\n<br>\r\n<p>Liên hệ: Ban quản lý sân bóng đá</p>\r\n<p>Số điện thoại: 0335 590 510</p>', '<li>Dàn đèn công suất lớn có thể chiếu sáng toàn bộ khu sân bóng để tổ chức các hoạt động bóng đá  buổi tối.</li>\r\n<li> Sân bóng cũng được trang bị đầy đủ khu vực nhà xe, căng tin, khu vệ sinh.</li>\r\n<li>Tất cả đều được đảm bảo an toàn, tiện nghi, sạch sẽ.</li>\r\n<li>Với sức chứa lớn, sân bóng Trường Cao Đẳng Du Lịch Sài Gòn còn trở thành nơi tổ chức rất nhiều giải đấu lớn và cả các lễ hội của thành phố.</li>', 'DLSG.png', '<img src=\"imgs/DLSG1.png\" alt=\"\">\r\n<img src=\"imgs/A41_1.jpg\" alt=\"\">\r\n<img src=\"imgs/A41_3.jpg\" alt=\"\">', 300000, '<option value=\"6:00\">06:00</option>\r\n<option value=\"16:00\">16:00</option>\r\n<option value=\"17:30\">17:30</option>\r\n<option value=\"20:30\">20:30</option>', '<option value=\"16:00\">16:00</option>\r\n<option value=\"17:30\">17:30</option>\r\n<option value=\"20:30\">20:30</option>\r\n<option value=\"22:00\">22:00</option>', '2022-04-21'),
(14, 'Hiệp Tân', '<iframe src=\"https://www.google.com/maps/embed?pb=!1m14!1m8!1m3!1d15678.275544560152!2d106.631794!3d10.767671!3m2!1i1024!2i768!4f13.1!3m3!1m2!1s0x0%3A0xfc740b79cbfa6e49!2zU8OibiBCw7NuZyDEkMOhIEhp4buHcCBUw6Ju!5e0!3m2!1sen!2sus!4v1649213424401!5m2!1sen!2sus\" width=\"1150\" height=\"500\" style=\"border:0;\" allowfullscreen=\"\" loading=\"lazy\" referrerpolicy=\"no-referrer-when-downgrade\"></iframe>', '161/3 Lũy Bán Bích, Phường Hiệp Tân, Quận Tân Phú, Thành phố Hồ Chí Minh.', '<p>Sân bóng Hiệp Tân nằm tại địa chỉ 161/3 Lũy Bán Bích, Phường Hiệp Tân, Quận Tân Phú. Là sân bóng trong hẻm nên sân bóng có không khí yên tĩnh, mát mẻ, được nhiều bạn trẻ lựa chọn làm nơi vui chơi bóng đá, giải tỏa căng thẳng mỗi buổi chiều.</p>\r\n<br>\r\n<p>Tuy nhiên đây cũng là một bất lợi khi các bạn lần đầu đến sân sẽ hơi khó khăn khi tìm kiếm.</p>\r\n<br>\r\n<p>Sân bóng sử dụng cỏ nhân tạo sợi PE, Sợi cỏ mềm, dai, có độ ma sát tốt, giúp cầu thủ nâng cao chất lượng trận đấu.</p>\r\n<br>\r\n<p>Hệ thống cấp, thoát nước đồng bộ với mặt sân, giúp sân luôn khô ráo, giảm thiểu những trường hợp trượt ngã, chấn thương cho cầu thủ.</p>\r\n<br>\r\n<p>Liên hệ: Ban quản lý sân bóng đá</p>\r\n<p>Số điện thoại: 0809 095 522</p>', '<li>Đầy đủ các công trình phụ trợ như nhà xe, nhà vệ sinh, căng tin nhưng các công trình hơi nhỏ, dễ dẫn đến quá tải trong các khung giờ vàng.</li>\r\n<li>Sân bóng có giá cho thuê khá phải chăng, phù hợp với đa số khách chơi.</li>\r\n<li>Sân Hiệp Tân hỗ trợ tìm đối, cho thuê trọng tài và các trang bị, dụng cụ với giá cả khá phải chăng.</li>', 'HT.jpg', '<img src=\"imgs/HT1.jpg\" alt=\"\">\r\n<img src=\"imgs/A41_3.jpg\" alt=\"\">\r\n<img src=\"imgs/A41_1.jpg\" alt=\"\">', 350000, '<option value=\"6:00\">06:00</option>\r\n<option value=\"16:00\">16:00</option>\r\n<option value=\"17:30\">17:30</option>\r\n<option value=\"20:30\">20:30</option>\r\n', '<option value=\"16:00\">16:00</option>\r\n<option value=\"17:30\">17:30</option>\r\n<option value=\"20:30\">20:30</option>\r\n<option value=\"22:00\">22:00</option>', '2022-04-18'),
(15, 'Tân Thắng', '<iframe src=\"https://www.google.com/maps/embed?pb=!1m14!1m8!1m3!1d15676.275077982875!2d106.622216!3d10.806045!3m2!1i1024!2i768!4f13.1!3m3!1m2!1s0x0%3A0x7e9f16c6f9f42dff!2sCeladon%20WeSport%20Football%20Stadium!5e0!3m2!1sen!2sus!4v1649214424613!5m2!1sen!2sus\" width=\"1150\" height=\"500\" style=\"border:0;\" allowfullscreen=\"\" loading=\"lazy\" referrerpolicy=\"no-referrer-when-downgrade\"></iframe>', 'Bờ bao Tân thắng (đối diện chợ Sơn Kỳ), Phường Sơn Kỳ, Quận Tân Phú, Thành phố Hồ Chí Minh.', '<p>Sân bóng đá cỏ nhân tạo Tân Thắng nằm trên đường Bờ Bao Tân Thắng là hệ thống bao gồm 1 sân 7 người và 1 sân 11 người.</p>\r\n<br>\r\n<p>Mặt cỏ của sân cũng khá mới và được thay thế, bảo trì thường xuyên. Cơ sở vật chất của sân khá đầy đủ và tiện nghi, không gian xung quanh cũng khá thoáng mát rất phù hợp cho các trận đấu bóng đá giao hữu hoặc các giải đấu phong trào.</p>\r\n<br>\r\n<p>Hệ thống đèn chiếu sáng đam bảo cung cấp đủ ánh sáng cho các đội bóng chơi vào buổi tối. Hệ thoáng thoát nước đảm bảo mặt sân luôn khô thoáng, tránh gây trượt ngã.</p>\r\n<br>\r\n<p>Liên hệ: Ban quản lý sân bóng</p>\r\n<p>Số điện thoại: 0335 590 510</p>', '<li>Nên đặt trước</li>\r\n<li>Giữ xe máy miễn phí</li>\r\n<li>Có bảo vệ</li>\r\n<li>Có nước uống</li>\r\n<li>Có chỗ đậu ô tô</li>', 'TT.jpg', '<img src=\"imgs/TT1.jpg\" alt=\"\">\r\n<img src=\"imgs/TT2.jpg\" alt=\"\">\r\n<img src=\"imgs/TT3.jpg\" alt=\"\">', 250000, '<option value=\"6:00\">06:00</option>\r\n<option value=\"16:00\">16:00</option>\r\n<option value=\"17:30\">17:30</option>\r\n<option value=\"20:30\">20:30</option>', '<option value=\"16:00\">16:00</option>\r\n<option value=\"17:30\">17:30</option>\r\n<option value=\"20:30\">20:30</option>\r\n<option value=\"22:00\">22:00</option>', '2022-04-25'),
(16, 'Phường Tây Thạnh', '<iframe src=\"https://www.google.com/maps/embed?pb=!1m14!1m8!1m3!1d15675.928372689687!2d106.632162!3d10.812682!3m2!1i1024!2i768!4f13.1!3m3!1m2!1s0x0%3A0x17aa5680ca3b33f7!2zU8OibiBiw7NuZyBjaOG6vyBsYW4gdmnDqm4!5e0!3m2!1sen!2sus!4v1649215532661!5m2!1sen!2sus\" width=\"1150\" height=\"500\" style=\"border:0;\" allowfullscreen=\"\" loading=\"lazy\" referrerpolicy=\"no-referrer-when-downgrade\"></iframe>', '71/2/40 Chế Lan Viên, Phường Tây Thạnh, Quận Tân Phú, Thành phố Hồ Chí Minh.', '<p>Sân bóng Phường Tây Thạnh tọa lạc tại 71/2/40 Chế Lan Viên, Phường Tây Thạnh, Quận Tân Phú. Là sân bóng nằm trong hẻm, khó khăn trong việc tìm kiếm và đi lại. Nhưng vì danh tiếng, chất lượng mà mình đã gây dựng được, sân bóng này đã thu hút được mấy lượng khách quen rất đông đảo.</p> \r\n<br>\r\n<p>Sân cỏ nhân tạo Tây Thạnh có mặt sân được thi công bằng phẳng. Loại cỏ nhân tạo nhập khẩu từ Ý với chất lượng sợi cỏ rất mềm và dai.</p>\r\n<br>\r\n<p>Mỗi sân được cung cấp ánh sáng bằng 16 bóng đèn công suất lớn, đảm bảo đủ ánh sáng cho người chơi.</p>\r\n<br>\r\n<p>Liên hệ: Ban quản lý sân bóng</p>\r\n<p>Số điện thoại: 0822 420 455</p>', '<li>Hệ thống thoát nước khá tốt, nước thoát nhanh sau các cơn mưa.</li>\r\n<li>Sân bóng có chỗ để xe hơi chật, vào các khung giờ vàng đợi lấy xe rất lâu.</li>\r\n<li>Các bạn lần đầu tìm đến sân sẽ rất khó khăn vì sân nằm sâu trong hẻm.</li>\r\n<li>Giá thuê sân khá rẻ, nó phù hợp với các bạn học sinh, sinh viên và các anh em công nhân lao động.</li>', 'TThanh.png', '<img src=\"imgs/TThanh1.png\" alt=\"\">\r\n<img src=\"imgs/TThanh2.jpg\" alt=\"\">\r\n<img src=\"imgs/TThanh3.jpg\" alt=\"\">', 400000, '<option value=\"6:00\">06:00</option>\r\n<option value=\"16:00\">16:00</option>\r\n<option value=\"17:30\">17:30</option>\r\n<option value=\"20:30\">20:30</option>', '<option value=\"16:00\">16:00</option>\r\n<option value=\"17:30\">17:30</option>\r\n<option value=\"20:30\">20:30</option>\r\n<option value=\"22:00\">22:00</option>', '2022-04-22'),
(17, 'Hoà Thạnh', '<iframe src=\"https://www.google.com/maps/embed?pb=!1m14!1m8!1m3!1d15677.800332238608!2d106.636602!3d10.776799!3m2!1i1024!2i768!4f13.1!3m3!1m2!1s0x0%3A0xc50b0abb6c0ecf41!2zU8OibiBCw7NuZyDEkMOhIEhvw6AgVGjhuqFuaA!5e0!3m2!1sen!2sus!4v1649216053279!5m2!1sen!2sus\" width=\"1150\" height=\"500\" style=\"border:0;\" allowfullscreen=\"\" loading=\"lazy\" referrerpolicy=\"no-referrer-when-downgrade\"></iframe>', '318 Trịnh Đình Trọng, Phường Hòa Thạnh, Quận Tân Phú, Thành phố Hồ Chí Minh.', '<p>Sân bóng này có địa chỉ thuận lợi chất lượng tốt nên cũng được rất nhiều cơ quan, tổ chức lựa chọn làm nơi tổ chức những giải đấu.</p>\r\n<br>\r\n<p>Sân bóng sử dụng cỏ nhân tạo sợi kim cương, sợi cỏ mềm, dai, giúp bóng lăn rất ổn định, độ nảy của bóng vừa phải.</p>\r\n<br>\r\n<p>Lưới bao quanh sân cao và rất chắc chắn. Hệ thống đèn chiếu sáng ổn định, cung cấp đầy đủ ánh sáng cho người chơi.</p>\r\n<br>\r\n<p>Giá thuê sân khá phải chăng, phù hợp với cả các bạn học sinh, sinh viên.</p>\r\n<br>\r\n<p>Liên hệ: Anh Hùng, Anh Đức</p>\r\n<p>Số điện thoại: 0907 799 794</p>', '<li>Nên đặt trước</li>\r\n<li>Giữ xe máy miễn phí</li>\r\n<li>Có bảo vệ</li>\r\n<li>Có nước uống</li>\r\n<li>Có chỗ đậu ô tô</li>\r\n<li>Có Wifi</li>', 'HThanh.jpg', '<img src=\"imgs/HThanh1.jpg\" alt=\"\">\r\n<img src=\"imgs/HThanh2.jpg\" alt=\"\">\r\n<img src=\"imgs/HThanh3.jpg\" alt=\"\">', 400000, '<option value=\"6:00\">06:00</option>\r\n<option value=\"16:00\">16:00</option>\r\n<option value=\"17:30\">17:30</option>\r\n<option value=\"20:30\">20:30</option>', '<option value=\"16:00\">16:00</option>\r\n<option value=\"17:30\">17:30</option>\r\n<option value=\"20:30\">20:30</option>\r\n<option value=\"22:00\">22:00</option>', '2022-04-16'),
(18, 'Tân Thới Hoà', '<iframe src=\"https://www.google.com/maps/embed?pb=!1m14!1m8!1m3!1d15678.62217540083!2d106.631006!3d10.761008!3m2!1i1024!2i768!4f13.1!3m3!1m2!1s0x0%3A0x688ed60208f30494!2zU8OibiBCw7NuZyDEkMOhIE1pbmkgVMOibiBUaOG7m2kgSMOyYQ!5e0!3m2!1sen!2sus!4v1649216654806!5m2!1sen!2sus\" width=\"1150\" height=\"500\" style=\"border:0;\" allowfullscreen=\"\" loading=\"lazy\" referrerpolicy=\"no-referrer-when-downgrade\"></iframe>', 'Số 17 Đường Lương Minh Nguyệt, Phường Tân Thới Hòa, Quận Tân Phú, Thành phố Hồ Chí Minh.', '<p>Sân bóng đá Mini Tân Thới Hòa tọa lạc ngay đường Lương Minh Nguyệt với quy mô gồm 3 sân bóng đá 5 người.</p> \r\n<br>\r\n<p>Sân gần đây được tư sửa, nâng cấp, mặt sân bằng phẳng rộng rãi, là địa điểm vui chơi, rèn luyện cho rất nhiều người đam mê với bộ môn thể thao này.</p>\r\n<br>\r\n<p>Sân có hệ thống đèn chiếu sáng tốt, chơi bóng vào buổi tối không còn bị trở ngại. Thái độ phục vụ của ban quản lý cũng rất nhiệt tình, chu đáo.</p>\r\n<br>\r\n<p>Liên hệ: Ban quản lý sân bóng</p>\r\n<p>Số điện thoại: 0909 111 986</p>', '<li>Nên đặt trước</li>\r\n<li>Giữ xe máy miễn phí</li>\r\n<li>Có bảo vệ</li>\r\n<li>Có nước uống</li>\r\n<li>Có chỗ đậu ô tô</li>', 'TTH.jpg', '<img src=\"imgs/TTH1.jpg\" alt=\"\">\r\n<img src=\"imgs/TTH2.jpg\" alt=\"\">\r\n<img src=\"imgs/TTH3.jpg\" alt=\"\">', 450000, '<option value=\"6:00\">06:00</option>\r\n<option value=\"16:00\">16:00</option>\r\n<option value=\"17:30\">17:30</option>\r\n<option value=\"20:30\">20:30</option>', '<option value=\"16:00\">16:00</option>\r\n<option value=\"17:30\">17:30</option>\r\n<option value=\"20:30\">20:30</option>\r\n<option value=\"22:00\">22:00</option>', '2022-04-20'),
(19, 'Gò Cát', '<iframe src=\"https://www.google.com/maps/embed?pb=!1m14!1m8!1m3!1d15678.421287483961!2d106.604084!3d10.764870000000002!3m2!1i1024!2i768!4f13.1!3m3!1m2!1s0x0%3A0xf3da14f616dc1352!2zU8OibiBD4buPIE5ow6JuIFThuqFvIEfDsiBDw6F0!5e0!3m2!1sen!2sus!4v1649217047780!5m2!1sen!2sus\" width=\"1150\" height=\"500\" style=\"border:0;\" allowfullscreen=\"\" loading=\"lazy\" referrerpolicy=\"no-referrer-when-downgrade\"></iframe>', 'Số 170 Mã Lò, Phường Bình Trị Đông, Quận Bình Tân, Thành phố Hồ Chí Minh.', '<p>Nằm trong khu quân đội, đây là một trong những sân bóng được bạn trẻ yêu thích. Quy mô sân lớn với không gian thoáng đãng, nhiều ánh sáng.</p>\r\n<br>\r\n<p>Hệ thống ánh sáng, thoát nước của sân đều rất tốt. Nó giúp mọi người thoải mái thi đấu, tập luyện trong những điều kiện thời tiết khác nhau.</p>\r\n<br>\r\n<p>Mặt sân bằng phẳng, chất lượng cỏ tốt cho bạn những đường chuyền bóng đẹp mắt.</p> \r\n<br>\r\n<p>Giá thuê sân cũng rất phù hợp với mọi người, thái độ phục vụ của nhân viên và bảo vệ cũng rất chuyên nghiệp.</p>\r\n<br>\r\n<p>Liên hệ: Ban quản lý sân bóng</p>\r\n<p>Số điện thoại: 0936 116 441</p>', '<li>Nên đặt trước</li>\r\n<li>Giữ xe máy miễn phí</li>\r\n<li>Có bảo vệ</li>\r\n<li>Có nước uống</li>\r\n<li>Có chỗ đậu ô tô</li>', 'GC.jpg', '<img src=\"imgs/GC1.jpg\" alt=\"\">\r\n<img src=\"imgs/GC2.jpg\" alt=\"\">\r\n<img src=\"imgs/GC3.jpg\" alt=\"\">', 200000, '<option value=\"6:00\">06:00</option>\r\n<option value=\"16:00\">16:00</option>\r\n<option value=\"17:30\">17:30</option>\r\n<option value=\"20:30\">20:30</option>', '<option value=\"16:00\">16:00</option>\r\n<option value=\"17:30\">17:30</option>\r\n<option value=\"20:30\">20:30</option>\r\n<option value=\"22:00\">22:00</option>', '2022-04-25'),
(20, 'Hương Lộ 2', '<iframe src=\"https://www.google.com/maps/embed?pb=!1m14!1m8!1m3!1d15678.253427490155!2d106.609513!3d10.768096!3m2!1i1024!2i768!4f13.1!3m3!1m2!1s0x0%3A0xafe1eae550ee5722!2zU8OibiBCw7NuZyDEkMOhIE1pbmkgSMawxqFuZyBM4buZIDI!5e0!3m2!1sen!2sus!4v1649217411907!5m2!1sen!2sus\" width=\"1150\" height=\"500\" style=\"border:0;\" allowfullscreen=\"\" loading=\"lazy\" referrerpolicy=\"no-referrer-when-downgrade\"></iframe>', '482 Hương Lộ 2, Phường Bình Trị Đông A, Quận Bình Tân, Thành phố Hồ Chí Minh.', '<p>Sân bóng nằm ở 482 Hương Lộ 2, Phường Bình Trị Đông A, Quận Bình Tân là địa điểm lui tới thường xuyên của các anh em đam mê bóng đá. Địa điểm này cũng khá dễ dàng tìm kiếm.</p>\r\n<br>\r\n<p>Mặt sân rộng rãi, bằng phẳng. Chất lượng cỏ tốt, sợi mềm, êm tránh trình trạng trơn trượt gây ngã, gây trấn thương cho cầu thủ.</p> \r\n<br>\r\n<p>Sân được trang bị hệ thống đèn chiếu sáng, số bóng lớn, cung cấp đủ ánh sáng cho mọi người.</p>\r\n<br>\r\n<p>Nhân viên quản lí và bảo vệ sân nhiệt tình chu đáo. Thái độ phục vụ tốt.</p>\r\n<br>\r\n<p>Liên hệ: Ban quản lý sân bóng</p>\r\n<p>Số điện thoại: 0854 267 650 - 0903 194 717 - 0908 002 284</p>', '<li>Nên đặt trước</li>\r\n<li>Giữ xe máy miễn phí</li>\r\n<li>Có bảo vệ</li>\r\n<li>Có nước uống</li>\r\n<li>Có chỗ đậu ô tô</li>', 'HL2.jpg', '<img src=\"imgs/HL21.jpg\" alt=\"\">\r\n<img src=\"imgs/HL22.jpg\" alt=\"\">\r\n<img src=\"imgs/HL23.jpg\" alt=\"\">', 400000, '<option value=\"6:00\">06:00</option>\r\n<option value=\"16:00\">16:00</option>\r\n<option value=\"17:30\">17:30</option>\r\n<option value=\"20:30\">20:30</option>', '<option value=\"16:00\">16:00</option>\r\n<option value=\"17:30\">17:30</option>\r\n<option value=\"20:30\">20:30</option>\r\n<option value=\"22:00\">22:00</option>', '2022-04-22'),
(21, 'An Lạc', '<iframe src=\"https://www.google.com/maps/embed?pb=!1m14!1m8!1m3!1d15680.611019407703!2d106.602755!3d10.722699!3m2!1i1024!2i768!4f13.1!3m3!1m2!1s0x0%3A0x5e8c6b37d6229749!2zU8OibiBCw7NuZyBBTiBM4bqgQw!5e0!3m2!1sen!2sus!4v1649217855661!5m2!1sen!2sus\" width=\"1150\" height=\"500\" style=\"border:0;\" allowfullscreen=\"\" loading=\"lazy\" referrerpolicy=\"no-referrer-when-downgrade\"></iframe>', '34B Lê Đình Dương, Phường An Lạc, Quận Bình Tân, Thành phố Hồ Chí Minh.', '- Sân bóng cỏ nhân tạo này nằm ngay gần sông. Nhờ đó, nó được thừa hưởng những làn gió tươi mát từ sông thổi vào. \r\n\r\n<p>Sân bóng có mặt cỏ khá tốt, độ bám dính tốt, bóng lăn rất đều, độ nảy vừa phải. Hệ thống các bóng đèn công suất cao cung cấp đầy đủ ánh sáng cho các sân vào ban đêm.</p>\r\n<br>\r\n<p>Sân An Lạc cũng hỗ trợ các đội tìm đối, cho thuê trọng tài, cho thuê trang thiết bị với giá thành vô cùng phải chăng, phù hợp với các bạn học sinh, sinh viên.</p>\r\n<br>\r\n<p>Chủ sân là người trẻ, vui tính và dễ gần. Đặc biệt, cách dịch vụ của sân cũng rất hoàn thiện, đầy đủ.</p>\r\n<br>\r\n<p>Liên hệ: Ban quản lý sân bóng</p>\r\n<p>Số điện thoại: 0963 838 138</p>', '<li>Nên đặt trước</li>\r\n<li>Giữ xe máy miễn phí</li>\r\n<li>Có bảo vệ</li>\r\n<li>Có nước uống</li>\r\n<li>Có chỗ đậu ô tô</li>', 'AL.jpg', '<img src=\"imgs/AL1.jpg\" alt=\"\">\r\n<img src=\"imgs/AL2.jpg\" alt=\"\">\r\n<img src=\"imgs/AL3.jpg\" alt=\"\">', 350000, '<option value=\"6:00\">06:00</option>\r\n<option value=\"16:00\">16:00</option>\r\n<option value=\"17:30\">17:30</option>\r\n<option value=\"20:30\">20:30</option>', '<option value=\"16:00\">16:00</option>\r\n<option value=\"17:30\">17:30</option>\r\n<option value=\"20:30\">20:30</option>\r\n<option value=\"22:00\">22:00</option>', '2022-04-15'),
(22, 'Lê Thành', '<iframe src=\"https://www.google.com/maps/embed?pb=!1m14!1m8!1m3!1d15679.72220409494!2d106.622056!3d10.739836!3m2!1i1024!2i768!4f13.1!3m3!1m2!1s0x0%3A0x34253cee8520340e!2zU8OibiBCw7NuZyDEkMOhIEzDqiBUaMOgbmg!5e0!3m2!1sen!2sus!4v1649218617536!5m2!1sen!2sus\" width=\"1150\" height=\"500\" style=\"border:0;\" allowfullscreen=\"\" loading=\"lazy\" referrerpolicy=\"no-referrer-when-downgrade\"></iframe>', '103/1 An Dương Vương, Phường An Lạc, Quận Bình Tân, Thành phố Hồ Chí Minh.', '<p>Với nguồn kinh phí đầu tư dồi dào, sân bóng này hướng đến phục vụ khách chơi là các bạn trẻ đam mê trái bóng tròn với tiêu chuẩn cao.</p>\r\n<br>\r\n<p>Mặt cỏ nhân tạo  mềm, dai, thoát nước tốt. Kích thước sân theo đúng tiêu chuẩn FIFA, nó giúp các bạn trẻ làm quen với các sơ đồ chiến thuật  chuyên nghiệp nhất.</p>\r\n<br>\r\n<p>Đèn cao áp cung cấp đầy đủ ánh sáng cho khắp mặt sân vào ban đêm.</p>\r\n<br>\r\n<p>Sân Lê Thành hiện nay cho thuê với giá cả khá phải chăng, chỉ dao động từ 300k đến 800k/sân/90’ Bên cạnh đó sân cũng hỗ trợ tìm đối, cho thuê trọng tài, cho thuê trang thiết bị thi đấu với giá cả rất hợp lý.</p>\r\n<br>\r\n<p>Liên hệ: Ban quản lý sân bóng</p>\r\n<p>Số điện thoại: 0908 403 676</p>', '<li>Nên đặt trước</li>\r\n<li>Giữ xe máy miễn phí</li>\r\n<li>Có bảo vệ</li>\r\n<li>Có nước uống</li>\r\n<li>Có chỗ đậu ô tô</li>', 'LT.jpg', '<img src=\"imgs/LT1.jpg\" alt=\"\">\r\n<img src=\"imgs/LT2.jpg\" alt=\"\">\r\n<img src=\"imgs/LT3.jpg\" alt=\"\">', 400000, '<option value=\"6:00\">06:00</option>\r\n<option value=\"16:00\">16:00</option>\r\n<option value=\"17:30\">17:30</option>\r\n<option value=\"20:30\">20:30</option>', '<option value=\"16:00\">16:00</option>\r\n<option value=\"17:30\">17:30</option>\r\n<option value=\"20:30\">20:30</option>\r\n<option value=\"22:00\">22:00</option>', '2022-05-14'),
(23, 'Phương Nam 2', '<iframe src=\"https://www.google.com/maps/embed?pb=!1m14!1m8!1m3!1d15674.170044353223!2d106.648006!3d10.84628!3m2!1i1024!2i768!4f13.1!3m3!1m2!1s0x0%3A0x9f4f0e4244978e51!2zU8OibiBCw7NuZyDEkMOhIHBoxrDGoW5nIE5hbSAy!5e0!3m2!1sen!2sus!4v1649227216493!5m2!1sen!2sus\" width=\"1150\" height=\"500\" style=\"border:0;\" allowfullscreen=\"\" loading=\"lazy\" referrerpolicy=\"no-referrer-when-downgrade\"></iframe>', 'Hẻm 158 Phạm Văn Chiêu, Phường 9, Quận Gò Vấp, Thành phố Hồ Chí Minh.', '<p>Nằm trong hẻm nhỏ, địa chỉ của sân bóng này khá yên tĩnh. Đặc biệt, không gian tại đây cũng rất thoáng đãng và dễ chịu. Nhờ đó, mọi người sẽ có được những giờ phút thi đấu thoải mái tại đây.</p>\r\n<br>\r\n<p>Với hệ thống chiếu sáng đầy đủ cùng mặt sân mềm, êm ái sẽ giúp bạn tự tin hơn rất nhiều khi thi triển những kỹ thuật trên sân bóng.</p>\r\n<br>\r\n<p>Sân bóng này đón nhận rất đông các bạn trẻ yêu thích bóng đá phủi khu vực Quận Gò Vấp. Sân bóng luôn trong tình trạng đông khách, đặc biệt vào các khung giờ vàng liên tục diễn ra tình trạng quá tải. Vậy nên nếu muốn chọn chơi tại sân Phương Nam 2, bạn nên cân nhắc đặt sân trước.</p>\r\n<br>\r\n<p>Sân bóng cung cấp đầy đủ nhà xe, căng tin, nhà vệ sinh. Tất cả nhằm hướng tới phục vụ khách chơi bóng một cách tốt nhất.</p>\r\n<br>\r\n<p>Liên hệ: Ban quản lý sân bóng</p>\r\n<p>Số điện thoại: 0932 710 686</p>', '<li>Nên đặt trước</li>\r\n<li>Giữ xe máy miễn phí</li>\r\n<li>Có bảo vệ</li>\r\n<li>Có nước uống</li>\r\n<li>Có Wifi</li>\r\n<li>Có chỗ đậu ô tô</li>', 'PN.jpg', '<img src=\"imgs/PN1.jpg\" alt=\"\">\r\n<img src=\"imgs/PN2.jpg\" alt=\"\">\r\n<img src=\"imgs/PN3.jpg\" alt=\"\">', 270000, '<option value=\"6:00\">06:00</option>\r\n<option value=\"16:00\">16:00</option>\r\n<option value=\"17:30\">17:30</option>\r\n<option value=\"20:30\">20:30</option>', '<option value=\"16:00\">16:00</option>\r\n<option value=\"17:30\">17:30</option>\r\n<option value=\"20:30\">20:30</option>\r\n<option value=\"22:00\">22:00</option>', '2022-04-13'),
(24, 'An Hội', '<iframe src=\"https://www.google.com/maps/embed?pb=!1m14!1m8!1m3!1d15674.611310170449!2d106.639545!3d10.837858!3m2!1i1024!2i768!4f13.1!3m3!1m2!1s0x0%3A0x5e6f3d9f0296b445!2zU8OibiBiw7NuZyDEkcOhIEFuIEjhu5lp!5e0!3m2!1sen!2sus!4v1649227697541!5m2!1sen!2sus\" width=\"1150\" height=\"500\" style=\"border:0;\" allowfullscreen=\"\" loading=\"lazy\" referrerpolicy=\"no-referrer-when-downgrade\"></iframe>', '256 Phan Huy Ích, Phường 12, Quận Gò Vấp, Thành phố Hồ Chí Minh.', '<p>Sân bóng An Hội có diện tích khá nhỏ. Tuy nhiên, nó nằm ở vị trí thoáng đãng nên có không khí mát mẻ, rộng rãi. Đặc biệt, đường dẫn vào sân hiện đã được làm mới với chất lượng rất tốt, sạch sẽ khá dễ dàng để tìm kiếm.</p>\r\n<br>\r\n<p>Cuối năm 2019, sân An Hội đã cải tạo mặt sân nên chất lượng cỏ được đánh giá rất tốt. Đó là một trong những điểm nhấn thu hút mọi người đến với sân.</p>\r\n<br>\r\n<p>Cũng giống như các sân khác trong khu vực, sân bóng An Hội cũng được đầu tư trang bị đèn LED chiếu sáng, chống lóa mắt cho mọi người thoải mái thi đấu vào buổi tối.</p>\r\n<br>\r\n<p>Sân cũng có đầy đủ đồ cho thuê khi cần như quần, giầy khi không có hoặc quên mang theo. Sân đẹp,cũng rất giá bình dân.</p>\r\n<br>\r\n<p>Liên hệ: Ban quản lý sân bóng</p>\r\n<p>Số điện thoại: 0282 136 468</p>', '<li>Nên đặt trước</li>\r\n<li>Giữ xe máy miễn phí</li>\r\n<li>Có bảo vệ</li>\r\n<li>Có nước uống</li>\r\n<li>Có chỗ đậu ô tô</li>', 'AH.jpg', '<img src=\"imgs/A41_1.jpg\" alt=\"\">\r\n<img src=\"imgs/A41_2.png\" alt=\"\">\r\n<img src=\"imgs/A41_3.jpg\" alt=\"\">', 200000, '<option value=\"6:00\">06:00</option>\r\n<option value=\"16:00\">16:00</option>\r\n<option value=\"17:30\">17:30</option>\r\n<option value=\"20:30\">20:30</option>', '<option value=\"16:00\">16:00</option>\r\n<option value=\"17:30\">17:30</option>\r\n<option value=\"20:30\">20:30</option>\r\n<option value=\"22:00\">22:00</option>', '2022-04-18'),
(25, 'Bắc Sài Gòn', '<iframe src=\"https://www.google.com/maps/embed?pb=!1m14!1m8!1m3!1d15673.724086111655!2d106.656269!3d10.854785!3m2!1i1024!2i768!4f13.1!3m3!1m2!1s0x0%3A0x36e3558ea092722b!2zU8OibiBiw7NuZyDEkcOhIHRyb25nIG5ow6AgQuG6r2MgU8OgaSBHw7Ju!5e0!3m2!1sen!2sus!4v1649228274606!5m2!1sen!2sus\" width=\"1150\" height=\"500\" style=\"border:0;\" allowfullscreen=\"\" loading=\"lazy\" referrerpolicy=\"no-referrer-when-downgrade\"></iframe>', '1372 Lê Đức Thọ, Phường 13, Quận Gò Vấp, Thành phố Hồ Chí Minh.', '<p>Sân bóng đá Bắc Sài Gòn là sân bóng đá có mái che. Vì thế nên cho dù thời tiết khắc nghiệt, bão táp hay khung giờ trưa nắng nóng bạn hoàn toàn vẫn có thể tổ chức thi đấu bóng đá tại đây.</p>\r\n<br>\r\n<p>Sân bóng này sở hữu mặt sân Futsal đẹp, rộng rãi. Mặt cỏ sân còn mới và được bảo trì thường xuyên chắc chắn sẽ đem lại cho bạn những bước chạy nhẹ nhàng.</p>\r\n<br>\r\n<p>Đặc biệt, giá thuê sân cũng ở mức rất hợp lý và có nhiều dịch vụ kèm theo.</p>\r\n<br>\r\n<p>Liên hệ: Ban quản lý sân bóng</p>\r\n<p>Số điện thoại: 0911 155 539</p>', '<li>Nên đặt trước</li>\r\n<li>Giữ xe máy miễn phí</li>\r\n<li>Có bảo vệ</li>\r\n<li>Có nước uống</li>\r\n<li>Có chỗ đậu ô tô</li>\r\n<li>Có Wifi</li>', 'BSG.jpg', '<img src=\"imgs/BSG1.jpg\" alt=\"\">\r\n<img src=\"imgs/BSG2.jpg\" alt=\"\">\r\n<img src=\"imgs/BSG3.jpg\" alt=\"\">', 200000, '<option value=\"6:00\">06:00</option>\r\n<option value=\"16:00\">16:00</option>\r\n<option value=\"17:30\">17:30</option>\r\n<option value=\"20:30\">20:30</option>', '<option value=\"16:00\">16:00</option>\r\n<option value=\"17:30\">17:30</option>\r\n<option value=\"20:30\">20:30</option>\r\n<option value=\"22:00\">22:00</option>', '2022-04-22'),
(26, 'Hải Sơn', '<iframe src=\"https://www.google.com/maps/embed?pb=!1m14!1m8!1m3!1d15674.841396817063!2d106.685819!3d10.833464000000001!3m2!1i1024!2i768!4f13.1!3m3!1m2!1s0x0%3A0xb36cc112a3730da3!2zU8OibiBiw7NuZyBUaGFuaCBuacOqbiBQaMaw4budbmcgNQ!5e0!3m2!1sen!2sus!4v1649228679083!5m2!1sen!2sus\" width=\"1150\" height=\"500\" style=\"border:0;\" allowfullscreen=\"\" loading=\"lazy\" referrerpolicy=\"no-referrer-when-downgrade\"></iframe>', '5 Đường số 20, Phường 6, Quận Gò Vấp, Thành phố Hồ Chí Minh.', '<p>Sân Hải Sơn rộng, thoáng đãng và nằm ngay ở khu vực yên tĩnh. Khách thuê sân đánh giá nơi này rất cao vì đặc điểm này.</p> \r\n<br>\r\n<p>Sân có diện tích rộng, bằng phẳng tạo cho cầu thủ đầy đủ không gian để tạo ra những đường chuyền bóng đẹp mắt.</p>\r\n<br>\r\n<p>Hệ thống đèn chiếu sáng cũng là điểm cộng của sân bóng này. Ngoài ra, sân sở hữu thiết kế rào lưới chắc chắn. Giá thành cho thuê sân cũng khá rẻ so với mặt bằng chung.</p>\r\n<br>\r\n<p>Liên hệ: Ban quản lý sân bóng</p>\r\n<p>Số điện thoại: 0839 845 678</p>', '<li>Nên đặt trước</li>\r\n<li>Giữ xe máy miễn phí</li>\r\n<li>Có bảo vệ</li>\r\n<li>Có nước uống</li>\r\n<li>Có chỗ đậu ô tô</li>', 'HS.jpg', '<img src=\"imgs/HS1.jpg\" alt=\"\">\r\n<img src=\"imgs/HS2.jpg\" alt=\"\">\r\n<img src=\"imgs/HS3.jpg\" alt=\"\">', 150000, '<option value=\"6:00\">06:00</option>\r\n<option value=\"16:00\">16:00</option>\r\n<option value=\"17:30\">17:30</option>\r\n<option value=\"20:30\">20:30</option>', '<option value=\"16:00\">16:00</option>\r\n<option value=\"17:30\">17:30</option>\r\n<option value=\"20:30\">20:30</option>\r\n<option value=\"22:00\">22:00</option>', '2022-04-27');
INSERT INTO `pitch` (`id`, `name`, `map`, `location`, `description`, `features`, `pitch_image`, `related_images`, `price`, `start_time`, `end_time`, `available_date`) VALUES
(27, 'Cây Trâm', '<iframe src=\"https://www.google.com/maps/embed?pb=!1m14!1m8!1m3!1d15674.187288474386!2d106.646476!3d10.845951!3m2!1i1024!2i768!4f13.1!3m3!1m2!1s0x0%3A0x85a7eae0f12088a5!2zU8OibiBCw7NuZyDEkMOhIEPDonkgVHLDom0!5e0!3m2!1sen!2sus!4v1649229072273!5m2!1sen!2sus\" width=\"1150\" height=\"500\" style=\"border:0;\" allowfullscreen=\"\" loading=\"lazy\" referrerpolicy=\"no-referrer-when-downgrade\"></iframe>', '19 Phạm Văn Chiêu , Phường 9, Quận Gò Vấp, Thành phố Hồ Chí Minh.', '<p>Sân bóng nằm trong hẻm nên cực kỳ mát mẻ, thoáng đãng. Cũng chính vì điều đó mà sân thu hút được lượng lớn các bạn trẻ đến sân giao lưu, thi đấu.</p>\r\n<br>\r\n<p>Sân bóng có kích thước chuẩn, mặt sân đẹp, cỏ nhân tạo chất lượng khá. </p>\r\n<br>\r\n<p>Sân có hệ thống thoát nước ổn nên thoát nước nhanh sau các cơn mưa.  Lưới cao và kín giúp bóng luôn ở trong sân.\r\n</p>\r\n<br>\r\n<p>Đèn có độ sáng vừa phải, cung cấp vừa đủ ánh sáng cho người chơi ban đêm.</p>\r\n<br>\r\n<p>Sân bóng này hiện cũng là nơi thường xuyên diễn ra nhiều lớp học bóng đá thiếu nhi và các giải đấu phong trào.</p>\r\n<br>\r\n<p>Liên hệ: Ban quản lý sân bóng</p>\r\n<p>Số điện thoại: 0988 002 225</p>', '<li>Nên đặt trước</li>\r\n<li>Giữ xe máy miễn phí</li>\r\n<li>Có bảo vệ</li>\r\n<li>Có nước uống</li>\r\n<li>Có chỗ đậu ô tô</li>', 'CT.jpg', '<img src=\"imgs/CT1.jpg\" alt=\"\">\r\n<img src=\"imgs/CT2.jpg\" alt=\"\">\r\n<img src=\"imgs/CT3.jpg\" alt=\"\">', 150000, '<option value=\"6:00\">06:00</option>\r\n<option value=\"16:00\">16:00</option>\r\n<option value=\"17:30\">17:30</option>\r\n<option value=\"20:30\">20:30</option>', '<option value=\"16:00\">16:00</option>\r\n<option value=\"17:30\">17:30</option>\r\n<option value=\"20:30\">20:30</option>\r\n<option value=\"22:00\">22:00</option>', '2022-05-20'),
(28, '152 Nguyễn Oanh', '<iframe src=\"https://www.google.com/maps/embed?pb=!1m14!1m8!1m3!1d15674.890606842113!2d106.676821!3d10.832524!3m2!1i1024!2i768!4f13.1!3m3!1m2!1s0x0%3A0xb65538f2ceeb907e!2sStadiums%20152!5e0!3m2!1sen!2sus!4v1649229595921!5m2!1sen!2sus\" width=\"1150\" height=\"500\" style=\"border:0;\" allowfullscreen=\"\" loading=\"lazy\" referrerpolicy=\"no-referrer-when-downgrade\"></iframe>', '152 Nguyễn Oanh , Phường 7, Quận Gò Vấp, Thành phố Hồ Chí Minh.', '<p>Sân bóng 152 Nguyễn Oanh là sân bóng có không gian rộng rãi, thoáng mát, với cấu trúc gồm tổ hợp 5 sân cỏ nhân tạo mini 5 người.</p>\r\n<br>\r\n<p>Với hệ thống đèn chiếu sáng chân thực, chất lượng sân rất tốt từ mặt cỏ nhân tạo vẫn còn mới và sạch sẽ, không trơn trượt. Những trận đấu về đêm không còn lo lắng vì tại sân đầy đủ thiết bị hỗ trợ và đồ thi đấu phục vụ cho anh em cầu thủ.</p> \r\n<br>\r\n<p>Bên cạnh đó sân có căng tin phục vụ ăn uống; Bãi để xe ô tô, xe máy rộng rãi; Có dịch vụ cho thuê giày, bóng, đồ thi đấu khác</p>\r\n<br>\r\n<p>Liên hệ: Ban quản lý sân bóng</p>\r\n<p>Số điện thoại: 0983 933 940 - 0901 915 915</p>', '<li>Nên đặt trước</li>\r\n<li>Giữ xe máy miễn phí</li>\r\n<li>Có bảo vệ</li>\r\n<li>Có nước uống</li>\r\n<li>Có chỗ đậu ô tô</li>', 'NO.jpg', '<img src=\"imgs/NO1.jpg\" alt=\"\">\r\n<img src=\"imgs/NO2.jpg\" alt=\"\">\r\n<img src=\"imgs/NO3.jpg\" alt=\"\">', 180000, '<option value=\"6:00\">06:00</option>\r\n<option value=\"16:00\">16:00</option>\r\n<option value=\"17:30\">17:30</option>\r\n<option value=\"20:30\">20:30</option>', '<option value=\"16:00\">16:00</option>\r\n<option value=\"17:30\">17:30</option>\r\n<option value=\"20:30\">20:30</option>\r\n<option value=\"22:00\">22:00</option>', '2022-04-14'),
(29, 'Thống Nhất', '<iframe src=\"https://www.google.com/maps/embed?pb=!1m14!1m8!1m3!1d15678.674648363425!2d106.66400000000002!3d10.759999!3m2!1i1024!2i768!4f13.1!3m3!1m2!1s0x0%3A0x6f6663555605f5ef!2zU8OibiBCw7NuZyDEkMOhIE1pbmkgVGjhu5FuZyBOaOG6pXQ!5e0!3m2!1sen!2sus!4v1649229956547!5m2!1sen!2sus\" width=\"1150\" height=\"500\" style=\"border:0;\" allowfullscreen=\"\" loading=\"lazy\" referrerpolicy=\"no-referrer-when-downgrade\"></iframe>', '138 Đào Duy Từ, Phường 6, Quận 10, Thành phố Hồ Chí Minh.', '<p>Sân bóng Thống Nhất nằm ngay đường Đào Duy Từ, là một trong số các sân bóng đá ở quận 10 được nhiều đơn vị lựa chọn để thi đấu và khá dễ dàng để di chuyển tới đây.  Đặc biệt, nó là địa điểm đá bóng quen thuộc của sinh viên trường Y Dược thành phố.</p>\r\n<br>\r\n<p>Sân bóng mini Thống Nhất được đầu tư khai tác bài bản, gồm 1 sân 5 người. Sân được đầu tư mới hoàn toàn với chất lượng cỏ rất tốt.</p>\r\n<br>\r\n<p>Điều kiện mặt sân Thống Nhất tốt, diện tích rộng có thể đáp ứng nhu cầu đá 5,7,9 người. Hệ thống đèn chiếu sáng hiện đại, cung cấp ánh sáng cho cả sân. Hệ thống thoát nước tốt, luôn đảm bảo sân đấu trong mọi điều kiện thời tiết.</p>\r\n<br>\r\n<p>Dịch vụ được cung cấp sẵn của sân bao gồm cho thuê quần áo, giày tập và đồ uống giải khát. Tất cả đều được đánh giá rất cao.</p>\r\n<br>\r\n<p>Liên hệ: Ban quản lý sân bóng</p>\r\n<p>Số điện thoại: 0808 557 865 – 0913 127 111</p>', '<li>Nên đặt trước</li>\r\n<li>Giữ xe máy miễn phí</li>\r\n<li>Có bảo vệ</li>\r\n<li>Có nước uống</li>\r\n<li>Có chỗ đậu ô tô</li>', 'TN.jpeg', '<img src=\"imgs/TN1.jpg\" alt=\"\">\r\n<img src=\"imgs/TN2.jpg\" alt=\"\">\r\n<img src=\"imgs/TN3.jpg\" alt=\"\">', 350000, '<option value=\"6:00\">06:00</option>\r\n<option value=\"16:00\">16:00</option>\r\n<option value=\"17:30\">17:30</option>\r\n<option value=\"20:30\">20:30</option>', '<option value=\"16:00\">16:00</option>\r\n<option value=\"17:30\">17:30</option>\r\n<option value=\"20:30\">20:30</option>\r\n<option value=\"22:00\">22:00</option>', '2022-04-15'),
(30, 'Nguyễn Tri Phương', '<iframe src=\"https://www.google.com/maps/embed?pb=!1m14!1m8!1m3!1d15677.562264231354!2d106.660912!3d10.781369!3m2!1i1024!2i768!4f13.1!3m3!1m2!1s0x0%3A0xa08d73134f4c82e7!2sNguyen%20Tri%20Ph%C6%B0%C6%A1ng%20Swimming%20Pool!5e0!3m2!1sen!2sus!4v1649230416497!5m2!1sen!2sus\" width=\"1150\" height=\"500\" style=\"border:0;\" allowfullscreen=\"\" loading=\"lazy\" referrerpolicy=\"no-referrer-when-downgrade\"></iframe>', '27 Đồng Nai, Phường 15, Quận 10, Thành phố Hồ Chí Minh.', '<p>Nằm trong tổ hợp thể thao, sân bóng hồ bơi Nguyễn Tri Phương là sân đá banh quận 10 được nhiều đơn vị lựa chọn để thi đấu, mỗi ngày đều gần như kín lịch đặt sân.</p>\r\n<br>\r\n<p>Sân hồ bơi Nguyễn Tri Phương mở cửa khá muộn (lúc 8h sáng) và đóng cửa khá sớm (8h30 tối). Chính vì vậy nên nếu bạn muốn đá tối, nhất là vào những ngày hè thì cần chú ý thời gian.</p>\r\n<br>\r\n<p>Tại đây có 2 sân bóng 5 người với mặt cỏ nhân tạo chất lượng cao. Đặc biệt, các dịch vụ kèm theo sân đều rất tốt. Cùng với đó, mặt sân được chăm chút thường xuyên nên luôn đạt chất lượng cao.</p>\r\n<br>\r\n<p>Liên hệ: Ban quản lý sân bóng</p>\r\n<p>Số điện thoại: 0283 970 5614 - 0909 934 933</p>', '<li>Nên đặt trước</li>\r\n<li>Giữ xe máy miễn phí</li>\r\n<li>Có bảo vệ</li>\r\n<li>Có nước uống</li>\r\n<li>Có chỗ đậu ô tô</li>', 'NTP2.jpg', '<img src=\"imgs/NTP.jpg\" alt=\"\">\r\n<img src=\"imgs/NTP1.jpg\" alt=\"\">\r\n<img src=\"imgs/NTP3.jpg\" alt=\"\">', 250000, '<option value=\"6:00\">06:00</option>\r\n<option value=\"16:00\">16:00</option>\r\n<option value=\"17:30\">17:30</option>\r\n<option value=\"20:30\">20:30</option>', '<option value=\"16:00\">16:00</option>\r\n<option value=\"17:30\">17:30</option>\r\n<option value=\"20:30\">20:30</option>\r\n<option value=\"22:00\">22:00</option>', '2022-04-16'),
(31, 'Tiểu Ngư', '<iframe src=\"https://www.google.com/maps/embed?pb=!1m14!1m8!1m3!1d15677.963588170494!2d106.668819!3d10.773664!3m2!1i1024!2i768!4f13.1!3m3!1m2!1s0x0%3A0x3ca1685aa48db267!2zU8OibiBCw7NuZyDEkcOhIFRp4buDdSBOZ8aw!5e0!3m2!1sen!2sus!4v1649230754655!5m2!1sen!2sus\" width=\"1150\" height=\"500\" style=\"border:0;\" allowfullscreen=\"\" loading=\"lazy\" referrerpolicy=\"no-referrer-when-downgrade\"></iframe>', '780A Sư Vạn Hạnh, Phường 12, Quận 10, Thành phố Hồ Chí Minh.', '<p>Sân cỏ nhân tạo Tiểu Ngư là một trong các sân bóng đá khu vực quận 10 cực quen thuộc đối với dân đá phủi ở thành phố Hồ Chí Minh. Nó nằm ở vị trí thông thoáng trong hẻm nhỏ nên rất thoáng đãng, mát mẻ và yên tĩnh.</p>\r\n<br>\r\n<p>Sân bóng Tiểu Ngư có 3 sân bóng chất lượng cao, tiêu chuẩn FIFA, vị trí thuận lợi cho việc vui chơi, cáp kèo, đá banh cho mọi người.</p>\r\n<br>\r\n<p>Sân có không gian rộng rãi, thoáng mát, mặt sân chất lượng, hệ thống đèn chiếu sáng tốt cho cả các trận bóng buổi tối, đêm.</p>\r\n<br>\r\n<p>Nhân viên và ban quản lý sân nhiệt tình, thân thiện giải quyết các vấn đề sân bãi nên bạn hoàn toàn yên tâm.</p>\r\n<br>\r\n<p>Liên hệ: Ban quản lý sân bóng</p>\r\n<p>Số điện thoại: 0902 287 9777</p>', '<li>Nên đặt trước</li>\r\n<li>Giữ xe máy miễn phí</li>\r\n<li>Có bảo vệ</li>\r\n<li>Có nước uống</li>\r\n<li>Có chỗ đậu ô tô</li>', 'Tieungu.jpg', '<img src=\"imgs/Tieungu1.jpg\" alt=\"\">\r\n<img src=\"imgs/Tieungu2.jpg\" alt=\"\">\r\n<img src=\"imgs/Tieungu3.jpg\" alt=\"\">', 200000, '<option value=\"6:00\">06:00</option>\r\n<option value=\"16:00\">16:00</option>\r\n<option value=\"17:30\">17:30</option>\r\n<option value=\"20:30\">20:30</option>\r\n', '<option value=\"16:00\">16:00</option>\r\n<option value=\"17:30\">17:30</option>\r\n<option value=\"20:30\">20:30</option>\r\n<option value=\"22:00\">22:00</option>', '2022-04-28'),
(32, 'Thành Thái', '<iframe src=\"https://www.google.com/maps/embed?pb=!1m14!1m8!1m3!1d4431.4116356285085!2d106.66121514983102!3d10.770184631951516!3m2!1i1024!2i768!4f13.1!3m3!1m2!1s0x0%3A0x9fb3e92ac4817a7f!2zVHJ1bmcgVMOibSBUaOG7gyBE4bulYyBUaOG7gyBUaGFvIFF14bqtbiAxMCAtIE5ow6AgVGhpIMSQ4bqldSBOZ3V54buFbiBUcmkgUGjGsMahbmc!5e0!3m2!1sen!2sus!4v1649231181741!5m2!1sen!2sus\" width=\"1150\" height=\"500\" style=\"border:0;\" allowfullscreen=\"\" loading=\"lazy\" referrerpolicy=\"no-referrer-when-downgrade\"></iframe>', 'C30, Thành Thái, Phường 14, Quận 10, Thành phố Hồ Chí Minh.', '<p>Sân Thành Thái là một trong số sân bóng đá cỏ nhân tạo tại quận 10 không còn xa lạ với giới chơi bóng tại thành phố Hồ Chí Minh. Mặt sân ở đây được đầu tư khá kỹ lưỡng, đồng thời khu vực quanh sân đấu được dọn dẹp vệ sinh sạch sẽ. Điều này giúp sân Thành Thái được dân đá bóng không chuyên ưa chuộng.</p>\r\n<br>\r\n<p>Hệ thống đèn chiếu sáng được trang bị đầy đủ, với số lượng đèn lớn sẽ giúp mọi người không bị gián đoạn bởi trời tối.</p>\r\n<br>\r\n<p>Ưu điểm lớn của sân bóng này là các dịch vụ kèm theo rất tốt. Không cần đặt cọc hay tốn phí mượn bóng, khách hàng thuê sân còn được miễn phí nước uống. Chất lượng mặt sân cũng được chăm chút thường xuyên nên rất được lòng khách hàng.</p>\r\n<br>\r\n<p>Liên hệ: Ban quản lý sân bóng</p>\r\n<p>Số điện thoại: 0908 881 639</p>', '<li>Nên đặt trước</li>\r\n<li>Giữ xe máy miễn phí</li>\r\n<li>Có bảo vệ</li>\r\n<li>Có nước uống</li>\r\n<li>Có chỗ đậu ô tô</li>', 'TThai.jpg', '<img src=\"imgs/A41_1.jpg\" alt=\"\">\r\n<img src=\"imgs/A41_2.png\" alt=\"\">\r\n<img src=\"imgs/A41_3.jpg\" alt=\"\">', 250000, '<option value=\"6:00\">06:00</option>\r\n<option value=\"16:00\">16:00</option>\r\n<option value=\"17:30\">17:30</option>\r\n<option value=\"20:30\">20:30</option>\r\n', '<option value=\"16:00\">16:00</option>\r\n<option value=\"17:30\">17:30</option>\r\n<option value=\"20:30\">20:30</option>\r\n<option value=\"22:00\">22:00</option>', '2022-04-26'),
(33, 'Kỳ Hoà', '<iframe src=\"https://www.google.com/maps/embed?pb=!1m14!1m8!1m3!1d15677.863765477567!2d106.667688!3d10.775581!3m2!1i1024!2i768!4f13.1!3m3!1m2!1s0x0%3A0x8b01edfb35a9d31c!2zVHJ1bmcgVMOibSBCw7NuZyDEkMOhIFRyZcyJIEVtIFRQSENN!5e0!3m2!1sen!2sus!4v1649231645782!5m2!1sen!2sus\" width=\"1150\" height=\"500\" style=\"border:0;\" allowfullscreen=\"\" loading=\"lazy\" referrerpolicy=\"no-referrer-when-downgrade\"></iframe>', '824/28Q Sư Vạn Hạnh , Phường 12, Quận 10, Thành phố Hồ Chí Minh.', '<p>Sân bóng Kỳ Hoà nằm trong con hẻm 824/28Q Sư Vạn Hạnh, Phường 12, Quận 10. Cụm 13 sân với kích thước tổng thể là 95 x 60 m giúp giải quyết nỗi lo của các bạn trẻ đam mê bóng đá khi luôn gặp tình trạng thiếu sân bóng để chơi, đặc biệt là trong các khung giờ cao điểm.</p>\r\n<br>\r\n<p>Sân bóng Kỳ Hoà sử dụng cỏ nhân tạo sợi PE,chất lượng khá tốt. Nó giúp các cầu thủ có những giây phút tập luyện, thi đấu chất lượng nhất.</p>\r\n<br>\r\n<p>Cụm sân có hệ thống thoát nước tốt, sân luôn khô ráo, hệ thống 16 bóng đèn mỗi sân cụng cấp ánh sáng đầy đủ.</p>\r\n<br>\r\n<p>Giá thuê sân khá phải chăng, phù hợp với các bạn học sinh, sinh viên. Sân Kỳ Hòa cung cấp đầy đủ các dịch vụ cơ bản như bãi giữ xe, căng tin, nhà vệ sinh.</p>\r\n<br>\r\n<p>Liên hệ: Ban quản lý sân bóng</p>\r\n<p>Số điện thoại: 0907 887 887</p>', '<li>Nên đặt trước</li>\r\n<li>Giữ xe máy miễn phí</li>\r\n<li>Có bảo vệ</li>\r\n<li>Có nước uống</li>\r\n<li>Có chỗ đậu ô tô</li>', 'KH.jpg', '<img src=\"imgs/KH1.jpg\" alt=\"\">\r\n<img src=\"imgs/KH2.jpg\" alt=\"\">\r\n<img src=\"imgs/KH3.jpg\" alt=\"\">', 400000, '<option value=\"6:00\">06:00</option>\r\n<option value=\"16:00\">16:00</option>\r\n<option value=\"17:30\">17:30</option>\r\n<option value=\"20:30\">20:30</option>', '<option value=\"16:00\">16:00</option>\r\n<option value=\"17:30\">17:30</option>\r\n<option value=\"20:30\">20:30</option>\r\n<option value=\"22:00\">22:00</option>', '2022-05-21'),
(34, 'Huỳnh Đức', '<iframe src=\"https://www.google.com/maps/embed?pb=!1m14!1m8!1m3!1d15678.446675492283!2d106.62092!3d10.764382!3m2!1i1024!2i768!4f13.1!3m3!1m2!1s0x0%3A0x3043238e5e2fec3e!2zU8OibiBiw7NuZyDEkcOhIGPhu48gbmjDom4gdOG6oW8gSHXhu7NuaCDEkOG7qWM!5e0!3m2!1sen!2sus!4v1649232016061!5m2!1sen!2sus\" width=\"1150\" height=\"500\" style=\"border:0;\" allowfullscreen=\"\" loading=\"lazy\" referrerpolicy=\"no-referrer-when-downgrade\"></iframe>', 'Số 55 Tân Hòa Đông, Phường Bình Trị Đông, Quận Bình Tân, Thành phố Hồ Chí Minh.', '<p>Sân bóng này mới thành lập và đi vào hoạt động chưa lâu. Vậy nên chất lượng sân cỏ ở đây rất tốt. Mặt sân khá phẳng, cỏ nhân tạo còn mới, độ ma sát khá tốt giúp cho cầu thủ có cảm giác bóng tốt. Hệ thống thoát nước hoạt động rất ổn định, mặt sân không bao giờ bị ngập dù mưa lớn. </p>\r\n<br>\r\n<p>Đặc biệt, sân Huỳnh Đức đang có giá thành cho thuê khá rẻ. Khách hàng thuê sân không cần đặt tiền trước và được hỗ trợ sử dụng bóng miễn phí.</p>\r\n<br>\r\n<p>Hệ thống đèn chiếu sáng được đầu tư xây dựng kỹ lưỡng, cung cấp ánh sáng cho mọi người thoải mái chơi  bóng kể cả khi trời tối.</p>\r\n<br>\r\n<p>Đây là địa điểm không thể bỏ lỡ của các anh em có niềm đam mê với bộ môn bóng đá phủi ở quận Bình Tân.</p>\r\n<br>\r\n<p>Liên hệ: Ban quản lý sân bóng</p>\r\n<p>Số điện thoại: 0918 711 788</p>', '<li>Nên đặt trước</li>\r\n<li>Giữ xe máy miễn phí</li>\r\n<li>Có bảo vệ</li>\r\n<li>Có nước uống</li>\r\n<li>Có chỗ đậu ô tô</li>', 'HD.jpg', '<img src=\"imgs/HD1.jpg\" alt=\"\">\r\n<img src=\"imgs/HD2.jpg\" alt=\"\">\r\n<img src=\"imgs/HD3.jpg\" alt=\"\">', 250000, '<option value=\"6:00\">06:00</option>\r\n<option value=\"16:00\">16:00</option>\r\n<option value=\"17:30\">17:30</option>\r\n<option value=\"20:30\">20:30</option>', '<option value=\"16:00\">16:00</option>\r\n<option value=\"17:30\">17:30</option>\r\n<option value=\"20:30\">20:30</option>\r\n<option value=\"22:00\">22:00</option>', '2022-04-12');

-- --------------------------------------------------------

--
-- Table structure for table `role`
--

CREATE TABLE `role` (
  `id` int(11) NOT NULL,
  `name` varchar(20) NOT NULL,
  `description` text NOT NULL
) ENGINE=InnoDB DEFAULT CHARSET=utf8mb4;

--
-- Dumping data for table `role`
--

INSERT INTO `role` (`id`, `name`, `description`) VALUES
(1, 'Customer', 'This is the normal type of users in the website. They are able to interact with common features of the website such as search booking, make bookings, join a team, contact with admins and so on.'),
(2, 'Sport Center', 'This is the other type of users. This type of users is usually owners of pitches. With this role, besides the common features a \"customer\" user has, they can access some further functions relating to pitches such as upload their own pitches or make bookings with \"customer\" users. '),
(3, 'Admin', 'This is the most powerful type of users. These people can access all website\'s functions and interact with website\'s information such as editing, deleting, adding, or updating.');

-- --------------------------------------------------------

--
-- Table structure for table `user`
--

CREATE TABLE `user` (
  `id` int(11) NOT NULL,
  `firstname` varchar(50) NOT NULL,
  `lastname` varchar(50) NOT NULL,
  `email` varchar(50) NOT NULL,
  `password` varchar(42) DEFAULT NULL,
  `gender` text NOT NULL,
  `dateofbirth` date DEFAULT NULL,
  `country` varchar(50) NOT NULL,
  `role` int(11) DEFAULT NULL
) ENGINE=InnoDB DEFAULT CHARSET=utf8mb4;

--
-- Dumping data for table `user`
--

INSERT INTO `user` (`id`, `firstname`, `lastname`, `email`, `password`, `gender`, `dateofbirth`, `country`, `role`) VALUES
(2, 'Quang', 'Bao', 'quangbao@gmail.com', '$2y$10$ylqRl4eT6uwj5dpnshEmYugGDNNSZd5j5fB', 'male', '2022-03-15', 'Vietnam', 1),
(4, 'Bao', 'Khoi', 'baokhoi@gmail.com', '$2y$10$9Qxf4Tpnq4cZkZnkLebl..tlvq.K2b8xQVt', 'Female', '2022-03-15', 'Vietnam', 1),
(5, 'Anh', 'Hao', 'anhhao@gmail.com', '3ea01b7e03a367fd8731f6718907f873', 'Male', '2022-03-15', 'Vietnam', 1),
(6, 'bao', 'huynh', 'habo592000@gmail.com', '202cb962ac59075b964b07152d234b70', 'Male', '2022-03-01', 'VN', 1),
(8, 'A', 'Nguyen Van', 'admin1@gmail.com', 'e10adc3949ba59abbe56e057f20f883e', '', '2021-09-15', 'US', 1),
(9, 'Admin1', 'Server', 'admin1@gmail.com', '202cb962ac59075b964b07152d234b70', 'Male', '2000-10-23', 'France', 3),
(10, 'Admin2', 'Server', 'admin2@gmail.com', '202cb962ac59075b964b07152d234b70', 'Female', '1996-08-18', 'Japan', 3),
(11, 'Admin3', 'server', 'admin3@gmail.com', '202cb962ac59075b964b07152d234b70', 'Other', '1992-08-16', 'America', 3),
(13, 'Hao', 'Nguyen Dinh', 'Hao@gmail.com', '25d55ad283aa400af464c76d713c07ad', 'Male', '1998-07-17', 'VN', 1),
(14, 'Bao', 'Huynh Quang', 'hbao592000@gmail.com', '25d55ad283aa400af464c76d713c07ad', 'Male', '2000-09-05', 'VN', 1),
(20, 'Khoi', 'Nguyen Huu', 'khoi@gmail.com', '25d55ad283aa400af464c76d713c07ad', 'Male', '2000-07-07', 'VN', 2),
(21, 'Group8', 'SManage', 'group8@itec.hcmus.edu.vn', '25d55ad283aa400af464c76d713c07ad', 'Other', '2000-08-08', 'VN', 2),
(22, 'khoi', 'bao', 'khoibao32@gmail.com', '25f9e794323b453885f5181f1b624d0b', 'Male', '2000-11-05', 'VN', 1);

--
-- Indexes for dumped tables
--

--
-- Indexes for table `booking`
--
ALTER TABLE `booking`
  ADD PRIMARY KEY (`id`);

--
-- Indexes for table `booking_status`
--
ALTER TABLE `booking_status`
  ADD PRIMARY KEY (`id`);

--
-- Indexes for table `payment_method`
--
ALTER TABLE `payment_method`
  ADD PRIMARY KEY (`id`);

--
-- Indexes for table `pitch`
--
ALTER TABLE `pitch`
  ADD PRIMARY KEY (`id`);

--
-- Indexes for table `role`
--
ALTER TABLE `role`
  ADD PRIMARY KEY (`id`);

--
-- Indexes for table `user`
--
ALTER TABLE `user`
  ADD PRIMARY KEY (`id`);

--
-- AUTO_INCREMENT for dumped tables
--

--
-- AUTO_INCREMENT for table `booking`
--
ALTER TABLE `booking`
  MODIFY `id` int(11) NOT NULL AUTO_INCREMENT, AUTO_INCREMENT=12;

--
-- AUTO_INCREMENT for table `booking_status`
--
ALTER TABLE `booking_status`
  MODIFY `id` int(11) NOT NULL AUTO_INCREMENT, AUTO_INCREMENT=5;

--
-- AUTO_INCREMENT for table `payment_method`
--
ALTER TABLE `payment_method`
  MODIFY `id` int(11) NOT NULL AUTO_INCREMENT, AUTO_INCREMENT=3;

--
-- AUTO_INCREMENT for table `pitch`
--
ALTER TABLE `pitch`
  MODIFY `id` int(11) NOT NULL AUTO_INCREMENT, AUTO_INCREMENT=35;

--
-- AUTO_INCREMENT for table `role`
--
ALTER TABLE `role`
  MODIFY `id` int(11) NOT NULL AUTO_INCREMENT, AUTO_INCREMENT=4;

--
-- AUTO_INCREMENT for table `user`
--
ALTER TABLE `user`
  MODIFY `id` int(11) NOT NULL AUTO_INCREMENT, AUTO_INCREMENT=23;
COMMIT;

/*!40101 SET CHARACTER_SET_CLIENT=@OLD_CHARACTER_SET_CLIENT */;
/*!40101 SET CHARACTER_SET_RESULTS=@OLD_CHARACTER_SET_RESULTS */;
/*!40101 SET COLLATION_CONNECTION=@OLD_COLLATION_CONNECTION */;
